company_id,tag_id
21a50175e62e4406885ca9079c4ebf2f,98dad57412052ef107b2c57c723a769b
56da4ed71297fbc4d952524d8490ab98,8fe1d49894516f1b58d41e774fc4701d
2db7fdfec49735991b39db3011fc18e8,5ceae928a32d3d15c7c6e1dcd7efb2f6
dc1cedcf7aacb2155aa07ba914195579,5ceae928a32d3d15c7c6e1dcd7efb2f6
3898997ebb08c6affa158f767476437d,5ceae928a32d3d15c7c6e1dcd7efb2f6
d70b75ccf56d2d7a0d6a19a7a03483e4,f2a55825ac8d7a916593734b9f7ce1a2
c4c32b48c1e488aa3e26c881c1c7527f,f2a55825ac8d7a916593734b9f7ce1a2
523c301ba17231ee75ffd3b00b01b71b,14a3e887272cf5624c7f435935399312
bba30c5260a5dbc099900ad5947c7914,14a3e887272cf5624c7f435935399312
74a12784fd17590a3b4e2e1a604bf7ec,162776f9fd83d4e37839b2e738f4f767
e660e1a1da338ae590ca2812e9185ea6,960fd9cfd616a336132f60d51449e064
a220a5129029e6f746b0a9e41db51064,960fd9cfd616a336132f60d51449e064
74a12784fd17590a3b4e2e1a604bf7ec,9f871cf4073720b99e344b4ad299e157
f1ca262df10d75a165aaca53c8be4947,9f871cf4073720b99e344b4ad299e157
fbf958dd94caa5ea2a039502ece7c632,9f871cf4073720b99e344b4ad299e157
e660e1a1da338ae590ca2812e9185ea6,9f871cf4073720b99e344b4ad299e157
a220a5129029e6f746b0a9e41db51064,9f871cf4073720b99e344b4ad299e157
74a12784fd17590a3b4e2e1a604bf7ec,860b65fd37a8832b64485e1965a29088
3898997ebb08c6affa158f767476437d,860b65fd37a8832b64485e1965a29088
2db7fdfec49735991b39db3011fc18e8,860b65fd37a8832b64485e1965a29088
a220a5129029e6f746b0a9e41db51064,860b65fd37a8832b64485e1965a29088
f1171f3f6fb8bbd06e3e93e597950628,23094482a63a586c851921c855ee99eb
de71ba9460cd09021f33a0c77b0534c9,23094482a63a586c851921c855ee99eb
905588ebaaa04c80a483dd08dff6c726,23094482a63a586c851921c855ee99eb
c8e5b872dc2997e0397fe3cb1fcbccc7,23094482a63a586c851921c855ee99eb
de71ba9460cd09021f33a0c77b0534c9,7528dd530df90a1ca83d24e53ac4ecde
c5780c54f66f2c4a090ef5ff61167da6,1fec1f6454cf9795cca3fea052bebf55
238c7ea63c6cd1a2aa3f8225d1db8d73,1fec1f6454cf9795cca3fea052bebf55
066db787f9fb40d123bd02bccaa7e730,1fec1f6454cf9795cca3fea052bebf55
5c27e26b187d61471861e15f51711d92,1fec1f6454cf9795cca3fea052bebf55
a1edd54c1b45416077ffc50a3abaee5e,1fec1f6454cf9795cca3fea052bebf55
de286cb994e4f4cf4952985c15b3be27,1fec1f6454cf9795cca3fea052bebf55
a1edd54c1b45416077ffc50a3abaee5e,2fea91be9fd6351ebca0a6f9b60175e2
5c27e26b187d61471861e15f51711d92,2fea91be9fd6351ebca0a6f9b60175e2
066db787f9fb40d123bd02bccaa7e730,2fea91be9fd6351ebca0a6f9b60175e2
c5780c54f66f2c4a090ef5ff61167da6,2fea91be9fd6351ebca0a6f9b60175e2
4bb12ee58f3d2e34ebfc0535168535bf,2fea91be9fd6351ebca0a6f9b60175e2
654bff1a1d3dda9aa55bcf2c82952a3d,1873f7dd4143510e11d1d02c91794c32
c7a12bc676c9a303cb7549d8da8fa7f4,1873f7dd4143510e11d1d02c91794c32
cfcc1791b8d035b18656aca9c15599d7,1873f7dd4143510e11d1d02c91794c32
2f6a9d9e093987e1027e10ac9430c883,1873f7dd4143510e11d1d02c91794c32
21a50175e62e4406885ca9079c4ebf2f,1873f7dd4143510e11d1d02c91794c32
d7fd86e1ba6b900f963aa38ef8e3faf4,1873f7dd4143510e11d1d02c91794c32
d0fb78ec63e02bc56057fff1d0ba55bb,1873f7dd4143510e11d1d02c91794c32
c5780c54f66f2c4a090ef5ff61167da6,5be6307a431a91bc3c0f3238016d7680
c5780c54f66f2c4a090ef5ff61167da6,b22223043ee625f4a1297ed2a34ff62c
5c27e26b187d61471861e15f51711d92,b22223043ee625f4a1297ed2a34ff62c
066db787f9fb40d123bd02bccaa7e730,b22223043ee625f4a1297ed2a34ff62c
4bb12ee58f3d2e34ebfc0535168535bf,b22223043ee625f4a1297ed2a34ff62c
a1edd54c1b45416077ffc50a3abaee5e,b22223043ee625f4a1297ed2a34ff62c
21a50175e62e4406885ca9079c4ebf2f,5c9bdb5ffb66ffb047efff8f8266fe60
a1edd54c1b45416077ffc50a3abaee5e,5c9bdb5ffb66ffb047efff8f8266fe60
066db787f9fb40d123bd02bccaa7e730,5c9bdb5ffb66ffb047efff8f8266fe60
2f6a9d9e093987e1027e10ac9430c883,5c9bdb5ffb66ffb047efff8f8266fe60
3f9381fcc13ce0b8efef9ee19964380b,5c9bdb5ffb66ffb047efff8f8266fe60
c5780c54f66f2c4a090ef5ff61167da6,5c9bdb5ffb66ffb047efff8f8266fe60
2c1291031cf620e993216c9b2939f95b,523867a794a0d81877ac40ba62d82cdf
7565aef961fc44b82da993bda6f0ad35,5a5dd9641a6c9678f8e2496ca24a63e7
7b962f4e51ee7d963981baac16ae66f3,5a5dd9641a6c9678f8e2496ca24a63e7
6af6d5ee0ee45e3f58d2f499ae5b0822,3c282cb262452f4c06bbd3e167f29a50
7b962f4e51ee7d963981baac16ae66f3,3c282cb262452f4c06bbd3e167f29a50
80d3174269c99cadcf803157bb026689,3c282cb262452f4c06bbd3e167f29a50
dc4d24a49228ec090528ce2afa28c07e,3c282cb262452f4c06bbd3e167f29a50
cc4ade90808d7914d7b89ba25c8ce91c,3c282cb262452f4c06bbd3e167f29a50
cecf4835263bbaa74cc53a0bc1e9645e,3c282cb262452f4c06bbd3e167f29a50
fe90cd2c5df7edd303c751457474795b,23d0648deaf4074bfa57b8d3c7b463aa
7b962f4e51ee7d963981baac16ae66f3,23d0648deaf4074bfa57b8d3c7b463aa
d3eabed24b744060c2bdf404c7422bfc,cf850b75b903e903d18e1d0d65f4d498
ff57dfe3014cb9a8533685fbb0f94b1b,b8931109a2c4699d6a93ec4b80987e9c
86deae740db28e7d4314ff7af32ad431,96cce44486bc762bb0f5d9f956c2da5a
8bf53719642b34d3be98f6be733d2669,7f962ce7eb81b4d9d13069d303dc8e21
e63cfae02d1f3dba72879eaeb3791471,081b5f88a3d4f140f998a7810c257162
5bfdf8712eff742747e035b7fedb9d95,993f222d7226034ea8f82e947136c783
e2b4f643027e7d88693b42d9d3c5d61c,993f222d7226034ea8f82e947136c783
3926d0b3d7c215e61db19d8432be9c8c,993f222d7226034ea8f82e947136c783
1cdb6247ac59e9d01b0797047cbb8fe8,993f222d7226034ea8f82e947136c783
9a408f73177b6e8d48c80d1ec3878b98,993f222d7226034ea8f82e947136c783
21a50175e62e4406885ca9079c4ebf2f,fa157bec1abe34a92a7aa77560202ec6
07b43ab8fb5c2747bfdff19941c7fd1b,fa157bec1abe34a92a7aa77560202ec6
ff3d6878e59d5bec1cbb782f343edee7,fa157bec1abe34a92a7aa77560202ec6
d92cfee8aeb6f7b89a97e6003ed9b994,fa157bec1abe34a92a7aa77560202ec6
2a0db1fede11b7aa7624cdc225e42d76,fa157bec1abe34a92a7aa77560202ec6
74a12784fd17590a3b4e2e1a604bf7ec,fa157bec1abe34a92a7aa77560202ec6
fbf958dd94caa5ea2a039502ece7c632,fa157bec1abe34a92a7aa77560202ec6
e660e1a1da338ae590ca2812e9185ea6,fa157bec1abe34a92a7aa77560202ec6
21a50175e62e4406885ca9079c4ebf2f,676de936581bc1509e16119f1789b204
07b43ab8fb5c2747bfdff19941c7fd1b,676de936581bc1509e16119f1789b204
5de2a9e7bb3d6e05f61afad834ca0b83,676de936581bc1509e16119f1789b204
a2481f61f5a66ee58ef88b60124637a4,676de936581bc1509e16119f1789b204
b1e4a19c85a148a354fe7dfb2159df23,676de936581bc1509e16119f1789b204
21a50175e62e4406885ca9079c4ebf2f,d021cc0ab64b426ac5d27b41470d99c9
ff3d6878e59d5bec1cbb782f343edee7,d021cc0ab64b426ac5d27b41470d99c9
07b43ab8fb5c2747bfdff19941c7fd1b,d021cc0ab64b426ac5d27b41470d99c9
066db787f9fb40d123bd02bccaa7e730,d021cc0ab64b426ac5d27b41470d99c9
a11c3266b7f7927e51533c1b0359fd77,d021cc0ab64b426ac5d27b41470d99c9
f401a6f6ca52c6731e20ef75d1512c2b,bb7a4bc21c3d7fe7e43a0968c637f8bf
d5f2a207df0ac6139061182ab4994cdb,bb7a4bc21c3d7fe7e43a0968c637f8bf
f401a6f6ca52c6731e20ef75d1512c2b,6bbaa890011305b032d5e4ccab077931
d5f2a207df0ac6139061182ab4994cdb,6bbaa890011305b032d5e4ccab077931
18f529a7016554a3233cbf7901a16be1,6bbaa890011305b032d5e4ccab077931
f401a6f6ca52c6731e20ef75d1512c2b,e5980c62f15125296d7cfa6873a4f358
f1a17939393193af72036a3769c2a7f4,e5980c62f15125296d7cfa6873a4f358
6a13b87abefc2f3fc1703b37438837a2,6b694fa9d7b398018ac3e33644e02442
1a2aef64919fc12929265c4206d033e0,d705a6d687b45c6f3b35793f6924f908
f46460bfcc62a9232f9efb4bf9223454,d705a6d687b45c6f3b35793f6924f908
6d19b14c8fd90caa0f6c36b681f2e231,9747518478bee013551e28a4febe229a
f174ff277ff40ad5ad6203d76dd98f0e,0fd3018e05e49745128592a90815dbc1
250030beec8e986f4ec7d56a7fe13bfe,0fd3018e05e49745128592a90815dbc1
f321f8ef0558b79ff79cddb6be061d47,0fd3018e05e49745128592a90815dbc1
c09e30c9826bccc654dbb744f4d4c6e7,b27d569b18f013eb1c5c4f55efaa9d7b
65099182e711fc5a0ca68dcdf716f3c0,6dd80d52d4f031b04b3ee9448f3dbfe5
ca821c52d0eeb6fd8fb6626c3de40bc0,6dd80d52d4f031b04b3ee9448f3dbfe5
523d26848df43aa25b95ba6c845aa068,6dd80d52d4f031b04b3ee9448f3dbfe5
65099182e711fc5a0ca68dcdf716f3c0,847b028238b4e7dfddab3efa6cdfb76c
6b58bd79d6882edcc0f38c834719ea20,847b028238b4e7dfddab3efa6cdfb76c
523d26848df43aa25b95ba6c845aa068,847b028238b4e7dfddab3efa6cdfb76c
65099182e711fc5a0ca68dcdf716f3c0,e64ea39a7fbb14608d98fccbe16fd4f1
65099182e711fc5a0ca68dcdf716f3c0,d6eea26a0f94b1623f7e2f50f01250d6
ac3752086da559c9d19ea678e8cb52bb,d6eea26a0f94b1623f7e2f50f01250d6
843a4471b073d0bb413e9fb9281cf474,d6eea26a0f94b1623f7e2f50f01250d6
523c301ba17231ee75ffd3b00b01b71b,36c7c829bc71debe707f8e03b4928d8c
5449b345d6f0c30b2e7243b811446156,6202364b24d5e41c2530e54292bf091b
0ff3fadf3927e8c05b0c3b1b5cb75777,7eb18454739a1a8de70cf004882725a3
8a8b895fcc504b75f45b6c8e4d15cc4d,7eb18454739a1a8de70cf004882725a3
5449b345d6f0c30b2e7243b811446156,7eb18454739a1a8de70cf004882725a3
f55f17362872c3cc83e6199e618c93d2,7eb18454739a1a8de70cf004882725a3
e80fd816b2cc6545d5d145fb8c2d57dc,7eb18454739a1a8de70cf004882725a3
c7391dddb37d051d6cfb195db3dece12,43c1c1d0f82d924f2f1f16f848b95698
6013f2d1b3da4a9237e677b52350e0a8,068405b3aa5aa876233203591c15cb28
76cf30b268315ce196715f297ac9adf0,068405b3aa5aa876233203591c15cb28
53c7a9f4780b89e296b89c66159f6d85,b306bbc9ad81b71d2f67710e29e40690
d522905d0c84badaaa2db0962052aa17,b306bbc9ad81b71d2f67710e29e40690
53c7a9f4780b89e296b89c66159f6d85,13be22667bd657c81023e2d40566ec29
53c7a9f4780b89e296b89c66159f6d85,215805ceccb311954756725c24291075
be2b292cc14b5c9f2af10cbff542ee71,215805ceccb311954756725c24291075
53c7a9f4780b89e296b89c66159f6d85,7e9ad919e63e4a77c48a2e7bff399104
67b3ab6b5b3681e97f8f4fd6242d9f77,7e9ad919e63e4a77c48a2e7bff399104
d08fe3be7846c9aee03cee72685b00b7,ff37eaaf8b7fce2c2897dbfdec4c3b66
8de30b38d1272718ae170578fba1779f,c68c74adeeef30f4b46a17d4aef39383
bca6e1d88f7bbf398c619fb88064b7ab,c68c74adeeef30f4b46a17d4aef39383
ce8d4c2c9073cb3ebc6f608023905ce7,7b30c32c3bf50accf22c3694806bc53f
8de30b38d1272718ae170578fba1779f,7b30c32c3bf50accf22c3694806bc53f
bca6e1d88f7bbf398c619fb88064b7ab,7b30c32c3bf50accf22c3694806bc53f
8de30b38d1272718ae170578fba1779f,0147a8ee2d6461e2ad8269e0701b944c
bca6e1d88f7bbf398c619fb88064b7ab,0147a8ee2d6461e2ad8269e0701b944c
f46e0f4641fa6f9523ceb8d25e6c715e,0147a8ee2d6461e2ad8269e0701b944c
b123b78154dc66ea6de04073b3f12e40,0147a8ee2d6461e2ad8269e0701b944c
8de30b38d1272718ae170578fba1779f,213c7a283348fce1fcd11537e8beee59
bca6e1d88f7bbf398c619fb88064b7ab,213c7a283348fce1fcd11537e8beee59
f46e0f4641fa6f9523ceb8d25e6c715e,213c7a283348fce1fcd11537e8beee59
bca6e1d88f7bbf398c619fb88064b7ab,757db6b93d6bf6183e7691a911664cf1
f46e0f4641fa6f9523ceb8d25e6c715e,757db6b93d6bf6183e7691a911664cf1
8de30b38d1272718ae170578fba1779f,c2675c506506de6214457048daacf6c8
bca6e1d88f7bbf398c619fb88064b7ab,c2675c506506de6214457048daacf6c8
64d796c73372eb7a347d79e743bc1b61,c2675c506506de6214457048daacf6c8
f46e0f4641fa6f9523ceb8d25e6c715e,c2675c506506de6214457048daacf6c8
8de30b38d1272718ae170578fba1779f,7817411045731dd009779afa9cf207e5
bca6e1d88f7bbf398c619fb88064b7ab,7817411045731dd009779afa9cf207e5
6e8068998f7d91875316d804f0add256,7817411045731dd009779afa9cf207e5
f46e0f4641fa6f9523ceb8d25e6c715e,7817411045731dd009779afa9cf207e5
ddf8943bc8f9876e3bf90ab9c93f9e48,818fa08a96eb704d462547fa2a906f62
e924f429156fd63603a5b4b0ea17195a,0b6eccf6bb235268c3632191e147ae5c
bca6e1d88f7bbf398c619fb88064b7ab,4b52fd0d19ba4931f7ddb7c0783a55be
bca6e1d88f7bbf398c619fb88064b7ab,8d76b5a2f291634969ee1c876f202411
268a30a43fba2195d1f5667d3c9d2ad1,8d76b5a2f291634969ee1c876f202411
b123b78154dc66ea6de04073b3f12e40,8d76b5a2f291634969ee1c876f202411
71a1f986d3fba8978783d15ded019877,0406ee90a1f16961d43869de6b5cf1a4
af02f6cb256a9447188bec1b945ed85a,0406ee90a1f16961d43869de6b5cf1a4
c5295db98b1e2b6f10e91cfb576076f9,9ee2f2a41a797a81e853be5aa6beceb9
bf28133aa8589df5de866d247daaf0ac,9ee2f2a41a797a81e853be5aa6beceb9
d10d425653580997d2d2a94e9eb7678e,9ee2f2a41a797a81e853be5aa6beceb9
e1f61fc1284904114b6a630626144793,293437971365a6ad431d832a9b6dbc8e
88b6d20728731953793c37b06557d2fc,293437971365a6ad431d832a9b6dbc8e
c03c8c88c65e7b255bd579aef83101c8,617a8acdd157e6192e4540bc87b94a42
0bb88d03d2e0a5252e96d0f3c2bfbc4c,617a8acdd157e6192e4540bc87b94a42
8438a8711933c40674ca2c5d3246804e,617a8acdd157e6192e4540bc87b94a42
6bb1de38500bcc28f620c111230de552,2819300316211af4f1e7bb5d01eba9f2
e2e587391d34d39137d51268dec21dfd,2819300316211af4f1e7bb5d01eba9f2
37f8dea22b2424ff5f7cfd0821dafa71,2819300316211af4f1e7bb5d01eba9f2
c4f8b5448d06ddda0f8c634f4d425e48,2819300316211af4f1e7bb5d01eba9f2
223be602267cdd512eb5f6d6509f68a4,2819300316211af4f1e7bb5d01eba9f2
7667c0c9131af01023d4ba8408205a80,2819300316211af4f1e7bb5d01eba9f2
d560d5c29b2e16dbf280147dfce05784,2819300316211af4f1e7bb5d01eba9f2
7877d90981a67bc8f3882e3f0c3de09a,2819300316211af4f1e7bb5d01eba9f2
6e6a5b1c1ca2aea875342ce77c7d6ed5,2819300316211af4f1e7bb5d01eba9f2
520ab8a9299175260dba1fcb26520370,2819300316211af4f1e7bb5d01eba9f2
ed825a56be23c66ba1ae80b1f693bf79,2819300316211af4f1e7bb5d01eba9f2
0e83daa73eedf9d182646e9f762f369a,2819300316211af4f1e7bb5d01eba9f2
c79d9d6794696f9d36e9d1de25fcf98d,2819300316211af4f1e7bb5d01eba9f2
64c8fd9024a26c6d2a0500218728ce18,3b30cfa9fdd855a0cb26994ada86e901
dc47280b595ea347ed0cbca21a3f8c0f,3b30cfa9fdd855a0cb26994ada86e901
ee4c5683eb366fb5981edfeb666b7a33,3b30cfa9fdd855a0cb26994ada86e901
277a984f92b56b82a2bbfe2043b19abc,3b30cfa9fdd855a0cb26994ada86e901
f32c0a2a4993cb5a8a4486656eff1184,3b30cfa9fdd855a0cb26994ada86e901
12ad5c790444f88966c2faf90e73d8c9,3b30cfa9fdd855a0cb26994ada86e901
833e75e34e8d9abe2a0888b47f78663f,3b30cfa9fdd855a0cb26994ada86e901
414db1112dc3db5fe4a23c20c1688aa5,3b30cfa9fdd855a0cb26994ada86e901
f4bc1fe4a91f04b297e71521d6c26d14,3b30cfa9fdd855a0cb26994ada86e901
9f8d7bc76d420d666f5d9d4d79602c18,3b30cfa9fdd855a0cb26994ada86e901
0efe0df2dbd7124696a52ddab759a2dc,3b30cfa9fdd855a0cb26994ada86e901
6bb1de38500bcc28f620c111230de552,47ebf10e4553dd7f6b1e2dd2f2933b1d
e2e587391d34d39137d51268dec21dfd,47ebf10e4553dd7f6b1e2dd2f2933b1d
37f8dea22b2424ff5f7cfd0821dafa71,47ebf10e4553dd7f6b1e2dd2f2933b1d
c4f8b5448d06ddda0f8c634f4d425e48,47ebf10e4553dd7f6b1e2dd2f2933b1d
223be602267cdd512eb5f6d6509f68a4,47ebf10e4553dd7f6b1e2dd2f2933b1d
7667c0c9131af01023d4ba8408205a80,47ebf10e4553dd7f6b1e2dd2f2933b1d
d560d5c29b2e16dbf280147dfce05784,47ebf10e4553dd7f6b1e2dd2f2933b1d
c79d9d6794696f9d36e9d1de25fcf98d,47ebf10e4553dd7f6b1e2dd2f2933b1d
4e08a97217a6359fbba57ee2814ffead,b5acaa3e83302486a39fa67bd3c4d8f5
e661dcdf827113b2443d42df57ffcd41,b5acaa3e83302486a39fa67bd3c4d8f5
12ecb0abcde535668d165a26639d6ba9,55189d17fcee525b16ad1a34eee7c98e
52cecb27b14d7b47dfb0d80465a4afbe,55189d17fcee525b16ad1a34eee7c98e
f376a80bbfd57d8a0fd5715e17ca723a,55189d17fcee525b16ad1a34eee7c98e
c88149052593e33a04bc09edb39214b9,55189d17fcee525b16ad1a34eee7c98e
b2742ac81ebcc2ff0e89fd1ce264963e,55189d17fcee525b16ad1a34eee7c98e
b0ec25ac5601c54bb52b2bcbef30dbef,55189d17fcee525b16ad1a34eee7c98e
69248cf6130fdf867e6d7b9c8f5bdf90,55189d17fcee525b16ad1a34eee7c98e
5b6ff07cec826042be19c9684a87d655,55189d17fcee525b16ad1a34eee7c98e
28f551f08bf1f2d34d90b87cb88a9dce,55189d17fcee525b16ad1a34eee7c98e
d4b54b88c4c8760a0d1bf4dc42c3cc79,55189d17fcee525b16ad1a34eee7c98e
55723fb9f22f0f5a585f8e3fa59292e3,8a1661dc6dbd33d4630ba078e44ea45b
c5a5ec84684d59b1e012c5abdb18d448,70d6bed96220fca1dd5b0cdff4f40f98
7c5afea576c4be900ab21dce669de78d,70d6bed96220fca1dd5b0cdff4f40f98
2cdaaf43e0a199d98c3db61307aca497,c3dbaf82c6e802cee446c7fe9933ffb4
3a411d34b84c3046921636f1f9e80aef,c3dbaf82c6e802cee446c7fe9933ffb4
81fadee4f831e35f877cc796590ef5ac,c3dbaf82c6e802cee446c7fe9933ffb4
6375d41efca4ad15c142eba7eb74331c,c3dbaf82c6e802cee446c7fe9933ffb4
ee4c5683eb366fb5981edfeb666b7a33,c3dbaf82c6e802cee446c7fe9933ffb4
888009e49fbf3a3a1e11e747806945fc,c3dbaf82c6e802cee446c7fe9933ffb4
d136a1b5f833dbbbac58061df6c83aa5,c3dbaf82c6e802cee446c7fe9933ffb4
eb0871a90a4826078fa293e12fcb2bd8,c3dbaf82c6e802cee446c7fe9933ffb4
5a7ce77d4a9f07c28c59c282e5262ff3,c3dbaf82c6e802cee446c7fe9933ffb4
de86d1d822811bf6cb8840c21936edfb,c3dbaf82c6e802cee446c7fe9933ffb4
40c0fd3f50aa1eacf8d0124d48caf1ca,c3dbaf82c6e802cee446c7fe9933ffb4
7e082d4fa186b2c5d78855eb63fc8c45,c3dbaf82c6e802cee446c7fe9933ffb4
399113f3acdaff58b34e76cf82b7e596,c3dbaf82c6e802cee446c7fe9933ffb4
47446c56a9024e1b8ac4a5e6d78dda70,c3dbaf82c6e802cee446c7fe9933ffb4
0cc3ec11eed0cd6f8bc5fb681e33f652,c3dbaf82c6e802cee446c7fe9933ffb4
3f18d1caabdf43260a22987b72168264,1c344f04123e7cfaf6aeb862edde287f
860b874ad79c7f2072b4dd24a952f027,1c344f04123e7cfaf6aeb862edde287f
21e789dc711108c961a9b11d333f9c41,1c344f04123e7cfaf6aeb862edde287f
2a9957911b891a309614ca957b53cb95,1c344f04123e7cfaf6aeb862edde287f
d497bf0eab5880fffb3dd0353190bcc9,1c344f04123e7cfaf6aeb862edde287f
d1f710c3d1f6ff1a05697857a7fc148a,1c344f04123e7cfaf6aeb862edde287f
5e5a8a11fee6a7af7c4cab4c96d6039a,cfe8c3e675c1d95453849792fb0aa174
b41877e5d586b1b557850fd91ad9fe5e,cfe8c3e675c1d95453849792fb0aa174
d7f5cac5f3cd0f711183a7bfceada0be,cfe8c3e675c1d95453849792fb0aa174
3d3f85305a282886c2ed84460784547c,cfe8c3e675c1d95453849792fb0aa174
64c8fd9024a26c6d2a0500218728ce18,f117653619e5120cd87046e08212f59a
b5839b46beb16efcda0e631b79a635d3,f117653619e5120cd87046e08212f59a
ee4c5683eb366fb5981edfeb666b7a33,f117653619e5120cd87046e08212f59a
d1024a0b12c7c0882ac930d243d64de2,f117653619e5120cd87046e08212f59a
8dc40b72c500841909507e65866f7879,f117653619e5120cd87046e08212f59a
cb1aaf4e4d75eb990f5427a9fb3aac53,f117653619e5120cd87046e08212f59a
3675f3a32de054346c1175a7181971ac,f117653619e5120cd87046e08212f59a
9cf66dae4671b4ad462943b7e37f9170,f117653619e5120cd87046e08212f59a
82bf3a77d77d9091c32d2ea1f797e4bb,f117653619e5120cd87046e08212f59a
0e70d1c53da9c2a79f0d73d3dada43fe,f117653619e5120cd87046e08212f59a
6da792ceb1b8b2f0479fbc47a4ad0eea,6c1307613f53e75328c6de4d6a639a68
1d489f68115c2025aa0177503139b4cb,6c1307613f53e75328c6de4d6a639a68
dce659c4ea5855c441f5c8fc61bcbc0c,6c1307613f53e75328c6de4d6a639a68
7f87e336614d02d73e7dd147163a733d,6c1307613f53e75328c6de4d6a639a68
61db47dac8aefe03fc67ee1b65ecd8f6,6c1307613f53e75328c6de4d6a639a68
897a6db752a1a3c5010dc5a07cef61a4,6c1307613f53e75328c6de4d6a639a68
40a164bb23f44ac11dfe64bb5e62891d,6c1307613f53e75328c6de4d6a639a68
cb1aaf4e4d75eb990f5427a9fb3aac53,aa8abed8b5ef19a1b6cf3b2c8aeb4919
9cb5a1e24ce55a9fdd2739974615beb1,aa8abed8b5ef19a1b6cf3b2c8aeb4919
4aa69e538608c5f5accc198ea17b5122,aa8abed8b5ef19a1b6cf3b2c8aeb4919
a67fbac98d6e515e3d9763dbd14a05d8,aa8abed8b5ef19a1b6cf3b2c8aeb4919
563f5e4f9033365e50e1b59fe4b4e55a,aa8abed8b5ef19a1b6cf3b2c8aeb4919
52e419fde120947b4407e60679e6d5bf,aa8abed8b5ef19a1b6cf3b2c8aeb4919
fc5ba9b49d3a83600442882ccdf13b85,aa8abed8b5ef19a1b6cf3b2c8aeb4919
7bfb5cf7892e55e780484c6313618258,aa8abed8b5ef19a1b6cf3b2c8aeb4919
da4b497d4fb21a3797a667e848f28c73,6ceb56ec38a852aaca1eb3f32ab5f1ff
16f9012958c407cd55d2e0af7f5c7e68,6ceb56ec38a852aaca1eb3f32ab5f1ff
8d7a8802e4838d350d1789575d0d3a0c,6ceb56ec38a852aaca1eb3f32ab5f1ff
5e760c3b3ab5ab1356509de5175dc3db,6ceb56ec38a852aaca1eb3f32ab5f1ff
f96a6a56cfd5d129d14169eb16831252,6ceb56ec38a852aaca1eb3f32ab5f1ff
758f4ee9a3491d40813b06df9aa3ec03,6ceb56ec38a852aaca1eb3f32ab5f1ff
dd046500c4f1d05b3324aaa5ffe33351,6ceb56ec38a852aaca1eb3f32ab5f1ff
fef2097566e007a45b27160dbad6ad72,fd0e249e94e3f27d2b8b95b82e8f9602
43bbc9b82b51e79bf89b628bab6e40a9,fd0e249e94e3f27d2b8b95b82e8f9602
166d1fa6d8ad5378b2622957fca17a7b,fd0e249e94e3f27d2b8b95b82e8f9602
a0a7e7a36b5f07193fc8caec3ca93c16,fd0e249e94e3f27d2b8b95b82e8f9602
d03414085c13b1928e6d3dd6aada07d1,fd0e249e94e3f27d2b8b95b82e8f9602
c36ad78d6fea2052c525bff037789235,b479457a24352da89982cca06828559c
b5839b46beb16efcda0e631b79a635d3,b479457a24352da89982cca06828559c
ee4c5683eb366fb5981edfeb666b7a33,b479457a24352da89982cca06828559c
8284255d561e3e92dcdb4f457d453277,b479457a24352da89982cca06828559c
0a8ab1655bc1c208e937610446c851f4,b479457a24352da89982cca06828559c
71029138ff087e80d7c8dcf570bbc414,b479457a24352da89982cca06828559c
841686c4fd2746e07ad6ff22cb886035,b479457a24352da89982cca06828559c
80fe12ac7cfdfa51d8322776a625dc60,b479457a24352da89982cca06828559c
b5839b46beb16efcda0e631b79a635d3,9d21bbed94995c3004df25f5a88a09e7
ee4c5683eb366fb5981edfeb666b7a33,9d21bbed94995c3004df25f5a88a09e7
d1024a0b12c7c0882ac930d243d64de2,9d21bbed94995c3004df25f5a88a09e7
0a8ab1655bc1c208e937610446c851f4,9d21bbed94995c3004df25f5a88a09e7
13b5f816293688fcdaba1208a840b745,9d21bbed94995c3004df25f5a88a09e7
5f0d5e2e7ef6524b850bba1b2a1ede1b,9d21bbed94995c3004df25f5a88a09e7
d193425859d60dd0d6fd1ca7a779a9b7,9d21bbed94995c3004df25f5a88a09e7
bf9250eeebac85b714d16e08f20b584b,9d21bbed94995c3004df25f5a88a09e7
71029138ff087e80d7c8dcf570bbc414,9d21bbed94995c3004df25f5a88a09e7
8dc40b72c500841909507e65866f7879,9d21bbed94995c3004df25f5a88a09e7
8284255d561e3e92dcdb4f457d453277,9d21bbed94995c3004df25f5a88a09e7
3a411d34b84c3046921636f1f9e80aef,9d21bbed94995c3004df25f5a88a09e7
470c1cfc9a24ae08e90a9be6e598855f,9d21bbed94995c3004df25f5a88a09e7
398c9ed3e943495b04468b9af2f30393,bd3969ec317263de5bc786e67dd2b415
47d68cd0f4c3e91a86d23afe8afccfb8,bd3969ec317263de5bc786e67dd2b415
942f81ab3979400b5a8ca748b27abdf0,bd3969ec317263de5bc786e67dd2b415
e134d2fe340e36667c82c60c9f646828,bd3969ec317263de5bc786e67dd2b415
f66b04b050c0f67ecb7fed4a91c27855,bd3969ec317263de5bc786e67dd2b415
15d2991489b3e0a18c631ced8da524c3,bd3969ec317263de5bc786e67dd2b415
c83adaf52406e5faaa914c5452887bf7,bd3969ec317263de5bc786e67dd2b415
b3aa0e044a70eba4523723986129aa5b,bd3969ec317263de5bc786e67dd2b415
53214b4976fc79c6feb19fe333379373,bd3969ec317263de5bc786e67dd2b415
bfa20baee84fab82502658e03d1641ea,bd3969ec317263de5bc786e67dd2b415
ad6ad1b8eccbce1e29b960b93195cb72,bd3969ec317263de5bc786e67dd2b415
bfd12b1b21f25159df2fab7c9d439a96,006372c8f86c3f774712685f6af2ec39
41716f87c3755bab459a2cbc7219e60c,006372c8f86c3f774712685f6af2ec39
d4b54b88c4c8760a0d1bf4dc42c3cc79,006372c8f86c3f774712685f6af2ec39
5e4e2c82a1903beb388c84131e327154,006372c8f86c3f774712685f6af2ec39
f24beec70d92e5c94cc5912b1b1dae61,006372c8f86c3f774712685f6af2ec39
61a992ae6b41cdb427c822c08fa2e983,006372c8f86c3f774712685f6af2ec39
83bcd130ce2e74da8b6d50d416c0cd37,006372c8f86c3f774712685f6af2ec39
5205c2e4fdb339d058e26b7cfa7f7e87,006372c8f86c3f774712685f6af2ec39
4e4779d3c946ba0dc4e878ca2a82a038,006372c8f86c3f774712685f6af2ec39
bb09aadba3710cba6c7d556a1cde0c7d,006372c8f86c3f774712685f6af2ec39
2d58769e4271080487e47225cf417913,006372c8f86c3f774712685f6af2ec39
6c542dfad3e50040a148300d94fe6462,006372c8f86c3f774712685f6af2ec39
c152240bdfc450af17e0561f88b396cf,006372c8f86c3f774712685f6af2ec39
e7c5a7012930837352522f60875058a4,006372c8f86c3f774712685f6af2ec39
69248cf6130fdf867e6d7b9c8f5bdf90,cc27b98cdf7000a0c83da0c356843d79
df86657ce4650dedaea9a522418dc765,cc27b98cdf7000a0c83da0c356843d79
533209950d2f4a48c09535b2c5510f06,cc27b98cdf7000a0c83da0c356843d79
4d85ba2a205c812fab63ea6e7d607063,cc27b98cdf7000a0c83da0c356843d79
beae5094846941ae20ceb01cc00ef304,cc27b98cdf7000a0c83da0c356843d79
693c009245214a715e1b804d0d8d6a3d,cc27b98cdf7000a0c83da0c356843d79
ba4131c82a06bf08d543e59c37c0f08a,cc27b98cdf7000a0c83da0c356843d79
fe4a33e110d2a9355259d5b7be19060f,cc27b98cdf7000a0c83da0c356843d79
40b2e7e9b9b3cec1c6e476fc80a7a12f,cc27b98cdf7000a0c83da0c356843d79
6f7979d8193286eb2a5cb06e425a58c5,cc27b98cdf7000a0c83da0c356843d79
1cf55259453338f4f6d3e175ff06ac65,cc27b98cdf7000a0c83da0c356843d79
74a12784fd17590a3b4e2e1a604bf7ec,4ae37b4e134ef4ab6694b0fb4e5d3ac3
e660e1a1da338ae590ca2812e9185ea6,4ae37b4e134ef4ab6694b0fb4e5d3ac3
ee4c5683eb366fb5981edfeb666b7a33,4ae37b4e134ef4ab6694b0fb4e5d3ac3
d89e3d7b65e43e62339694e1f81befe9,4ae37b4e134ef4ab6694b0fb4e5d3ac3
8dc40b72c500841909507e65866f7879,e54b5e16a68edb37307bc89ef2434059
5d40f094e06a778e655629e5b98d72a5,e54b5e16a68edb37307bc89ef2434059
ee4c5683eb366fb5981edfeb666b7a33,e54b5e16a68edb37307bc89ef2434059
d1024a0b12c7c0882ac930d243d64de2,e54b5e16a68edb37307bc89ef2434059
69248cf6130fdf867e6d7b9c8f5bdf90,c742eea8713e5ec7b4d30e0557be1335
df86657ce4650dedaea9a522418dc765,c742eea8713e5ec7b4d30e0557be1335
533209950d2f4a48c09535b2c5510f06,c742eea8713e5ec7b4d30e0557be1335
74a12784fd17590a3b4e2e1a604bf7ec,100299ca45740ba695503a97435dadea
e660e1a1da338ae590ca2812e9185ea6,100299ca45740ba695503a97435dadea
6bb1de38500bcc28f620c111230de552,701dd265f3b0fa761e98c0e74ed1733c
e2e587391d34d39137d51268dec21dfd,701dd265f3b0fa761e98c0e74ed1733c
37f8dea22b2424ff5f7cfd0821dafa71,701dd265f3b0fa761e98c0e74ed1733c
c4f8b5448d06ddda0f8c634f4d425e48,701dd265f3b0fa761e98c0e74ed1733c
223be602267cdd512eb5f6d6509f68a4,701dd265f3b0fa761e98c0e74ed1733c
7667c0c9131af01023d4ba8408205a80,701dd265f3b0fa761e98c0e74ed1733c
d560d5c29b2e16dbf280147dfce05784,701dd265f3b0fa761e98c0e74ed1733c
f4bc1fe4a91f04b297e71521d6c26d14,701dd265f3b0fa761e98c0e74ed1733c
9f8d7bc76d420d666f5d9d4d79602c18,701dd265f3b0fa761e98c0e74ed1733c
37f8dea22b2424ff5f7cfd0821dafa71,958f14ff544a018bb6d6a7383cfe918f
7667c0c9131af01023d4ba8408205a80,958f14ff544a018bb6d6a7383cfe918f
bc836937a2679b7523f64f700afd5817,958f14ff544a018bb6d6a7383cfe918f
92aca9637db23855847ac0a3dd1cc192,958f14ff544a018bb6d6a7383cfe918f
e2e587391d34d39137d51268dec21dfd,615dd0a60d68d3ec4f7d1cda66cfd247
ad2878e7bbe60c5b5c807d21f4656859,615dd0a60d68d3ec4f7d1cda66cfd247
6bb1de38500bcc28f620c111230de552,615dd0a60d68d3ec4f7d1cda66cfd247
bfb3f1f62b3f0cb4d1e7b01cd34e7321,615dd0a60d68d3ec4f7d1cda66cfd247
a4b4c67ae1462621c26a9b2dfa229392,9ff95ce823d9aa335272584714e33172
0aa6cb100fbb1a09ea5a47103a650f3e,9ff95ce823d9aa335272584714e33172
c942c284072aedd40aaedc7a4f15383b,c4ead879dce1fe33db890008a149ad0b
1cf55259453338f4f6d3e175ff06ac65,c4ead879dce1fe33db890008a149ad0b
3e19ee96e10e2b627d529d09cfa7ce33,c4ead879dce1fe33db890008a149ad0b
b1df73da3beca47ae6029957b4cff2f4,c4ead879dce1fe33db890008a149ad0b
80d4d6a3c93cd4f5066d2a277c185b36,c4ead879dce1fe33db890008a149ad0b
9db0e5d82fe0d37dedcb75ee266f77ed,c4ead879dce1fe33db890008a149ad0b
37f8dea22b2424ff5f7cfd0821dafa71,c4ead879dce1fe33db890008a149ad0b
7667c0c9131af01023d4ba8408205a80,c4ead879dce1fe33db890008a149ad0b
d3cf0a1e03a59417e8f9dc97f3174bc2,c4ead879dce1fe33db890008a149ad0b
33e65a4d81f064439df0f4729635c9b5,66aa74428e3d587dceeba2698236a2a1
b752b12a6cc109ba9a8e1fa369293b3c,66aa74428e3d587dceeba2698236a2a1
b5839b46beb16efcda0e631b79a635d3,32d19c815854f67056c2074e6a05d4b5
7400de3ed5b916705dae8aea0ddb5f71,32d19c815854f67056c2074e6a05d4b5
7c90515e9d7a3ab02bcc96e96ffcbfbe,32d19c815854f67056c2074e6a05d4b5
12c67d0e047bbfe7e5fb9d79e175a6a5,32d19c815854f67056c2074e6a05d4b5
91b63a3f40016a8ad118a5e89156318b,32d19c815854f67056c2074e6a05d4b5
e2e587391d34d39137d51268dec21dfd,d3e987bfca66aed67762e3bb90d40c48
47d68cd0f4c3e91a86d23afe8afccfb8,d3e987bfca66aed67762e3bb90d40c48
ad2878e7bbe60c5b5c807d21f4656859,d3e987bfca66aed67762e3bb90d40c48
6bb1de38500bcc28f620c111230de552,d3e987bfca66aed67762e3bb90d40c48
bfb3f1f62b3f0cb4d1e7b01cd34e7321,d3e987bfca66aed67762e3bb90d40c48
b183e9934fa6ab16aa8e4cc7163c19c5,aa42a107eb5a20ecd2c16728894aa13b
3caf420ad6bc0be474b8feec80e6cd05,aa42a107eb5a20ecd2c16728894aa13b
315da1cbbd4e648918b6224cf453ff20,aa42a107eb5a20ecd2c16728894aa13b
8a1f5c77206305eeff09ad2cf8dfadc3,aa42a107eb5a20ecd2c16728894aa13b
c770a8300665f336c7a66b2d3918c3a7,aa42a107eb5a20ecd2c16728894aa13b
aee9d43d073ba82daed17b02745778b8,aa42a107eb5a20ecd2c16728894aa13b
173d4251af57d13b9c826a42f0a96d32,aa42a107eb5a20ecd2c16728894aa13b
db1c12bb64db73af47932bc8c623e8e9,aa42a107eb5a20ecd2c16728894aa13b
fc7f642cb4e93aa7b78e126d57707ca3,aa42a107eb5a20ecd2c16728894aa13b
6b8c3a0da6b21cdc613824b4ffda5a9c,826a5f2ad80c77fdbeade61c757e0bc1
8c6f07912678491d1788e8fa6ef84864,826a5f2ad80c77fdbeade61c757e0bc1
7c5afea576c4be900ab21dce669de78d,826a5f2ad80c77fdbeade61c757e0bc1
ad59ac9774ccd3899e7f6c7c82a447e1,826a5f2ad80c77fdbeade61c757e0bc1
6de8b1e23aa69743c285609978c05f11,695ba7462c076ea4f8fbcfe084c0150f
74db338fbb6a2bb6e16a997c733ac4fd,695ba7462c076ea4f8fbcfe084c0150f
5385e5fde7615e05319e5ac58307365d,695ba7462c076ea4f8fbcfe084c0150f
b1c37cde04d5d3283ef3cad0176c9d27,695ba7462c076ea4f8fbcfe084c0150f
08a984aee8641cae8e8b2c6425172f7a,695ba7462c076ea4f8fbcfe084c0150f
ced15e92197faa9e228c0495ab4bbaa5,5da2d7130cb89c90414c627385ada005
79a4f36933eacbb28249d6843e0ab698,5da2d7130cb89c90414c627385ada005
d3bbc6bf9f996d43dce7979a0b67ddae,5da2d7130cb89c90414c627385ada005
45e223511c11b3973b1fc5aca719de08,5da2d7130cb89c90414c627385ada005
50e6befa03110cddf0b2cf877a67d458,5da2d7130cb89c90414c627385ada005
29fdf6a85b957148968c126e4a867263,5da2d7130cb89c90414c627385ada005
12d4c7bc16ad010036eca7f9c90dda83,5da2d7130cb89c90414c627385ada005
8c62091d0ca021b8dfc647cb9bda8bf4,0ebafa5c00bb4f75f76166ae39d019a6
67ce69b95cb8b99930fd48f65b34f651,0ebafa5c00bb4f75f76166ae39d019a6
427bc3d5d752745fbd6e497e23f60b14,0ebafa5c00bb4f75f76166ae39d019a6
ed2d0a6275c42ee650462439c2b212fd,0ebafa5c00bb4f75f76166ae39d019a6
36a61394870813830b9383b9106fc613,52764dee542e5f75e6a5049ecade7366
b987c76257141cd4929ebac2b163c56f,780b468892d0d83907382b73d534b42d
e68bd74594b5dea6bf41ee7b633e5f3f,780b468892d0d83907382b73d534b42d
b80fad7b083f54bd040bea57c3e254c2,780b468892d0d83907382b73d534b42d
e5d3dc7a02526e155933c3e374e91604,780b468892d0d83907382b73d534b42d
f9df5fdf6eeb08da7d211ab42204d991,780b468892d0d83907382b73d534b42d
19f14fb5c437df60ff100200d21123af,780b468892d0d83907382b73d534b42d
b66a114bb19de1fc0d10cbea7690d17f,780b468892d0d83907382b73d534b42d
0a07e65790134fda1fcff5440caf86f8,780b468892d0d83907382b73d534b42d
a6548d376891fd09b5009bd430984d72,780b468892d0d83907382b73d534b42d
ad7444dbb500da0a5091c20e601f6205,780b468892d0d83907382b73d534b42d
eb5ecb9665eeb8bc94efbca646cfb663,780b468892d0d83907382b73d534b42d
9f148794ac20ab06a661026acb503b01,780b468892d0d83907382b73d534b42d
b3d2a5b6358663c59adcdac3d34c67cc,780b468892d0d83907382b73d534b42d
83da4edbd3c407130a1396ac9e99c064,780b468892d0d83907382b73d534b42d
c0086414543217a5108e498397ce87af,780b468892d0d83907382b73d534b42d
6b4121f228a0b28a0779135ffed5ae58,780b468892d0d83907382b73d534b42d
3420a7817329ba3e707ce6914571cd3c,780b468892d0d83907382b73d534b42d
1fa00c92e72ec74817640f13c598cf78,780b468892d0d83907382b73d534b42d
8762a71b1df9010e17f1f841954d08c5,780b468892d0d83907382b73d534b42d
b6e7d78db111cc80d83ad90fd9e2127f,780b468892d0d83907382b73d534b42d
6a0e0057e843c21677670d87f8ffb8db,780b468892d0d83907382b73d534b42d
99bcf99345f1719c265c3cad4b34cdfa,780b468892d0d83907382b73d534b42d
d03eb7a58d7e9bbc25291a228a172fbe,811936e9ee9bc32832825e086615fa7b
5cf2456440718b644849d7ad3024f894,811936e9ee9bc32832825e086615fa7b
40a56784bea5952fe0869074381de844,811936e9ee9bc32832825e086615fa7b
28430dab5c0fbf6aa7aa9dd139749dd1,811936e9ee9bc32832825e086615fa7b
f5ce09db59097c8917f12418eb39cf00,811936e9ee9bc32832825e086615fa7b
13390bf54ef0de431c6126c16626e18f,8442bf90c28516be0c33deec8a1e8bd4
1aecfb41b977c7b1466f112319ffc4b0,8442bf90c28516be0c33deec8a1e8bd4
760d05415053175623af5428fa7db57e,8442bf90c28516be0c33deec8a1e8bd4
1b8d697b9ee25541777a713f37c382a4,8442bf90c28516be0c33deec8a1e8bd4
567ced77ca9275c8e5f2a97cefa67ed8,8442bf90c28516be0c33deec8a1e8bd4
5cf2456440718b644849d7ad3024f894,8442bf90c28516be0c33deec8a1e8bd4
2197c7affe7ebb16b7553d3c7b1d54ac,8442bf90c28516be0c33deec8a1e8bd4
12c67d0e047bbfe7e5fb9d79e175a6a5,8442bf90c28516be0c33deec8a1e8bd4
ee4c5683eb366fb5981edfeb666b7a33,8442bf90c28516be0c33deec8a1e8bd4
40a56784bea5952fe0869074381de844,dac85256a48ee8b47421f4e710b98cef
7a6900e561516c795fc0f0cbd81fcd59,58dff2136abcd132a0d47930d30ecd98
286e97812c7768d9ff45cc955acea25a,58dff2136abcd132a0d47930d30ecd98
12fa464a36f8e5a187f5acfde99b7029,58dff2136abcd132a0d47930d30ecd98
e290b7cb31ebca37ede84a4eb0f620ae,58dff2136abcd132a0d47930d30ecd98
d63e7ea059dc68e97e2ef16531e47e6c,58dff2136abcd132a0d47930d30ecd98
ee4c5683eb366fb5981edfeb666b7a33,5095269ca35a2b1c51741a1f30c8af9d
264d9bb481d458fdda428e70a2bfe2dd,5095269ca35a2b1c51741a1f30c8af9d
760d05415053175623af5428fa7db57e,5095269ca35a2b1c51741a1f30c8af9d
f977c4588c548ea3472ef38ed2c971ab,5095269ca35a2b1c51741a1f30c8af9d
7742b8273212f13f747a32dd6833e568,5095269ca35a2b1c51741a1f30c8af9d
b36ebda7f3099d9e0299ec6d10a9fd07,5095269ca35a2b1c51741a1f30c8af9d
72045facd4857d6b512b2286769bbd2b,5095269ca35a2b1c51741a1f30c8af9d
cdb9cd6229bb0a24fbef147d4af077e7,5095269ca35a2b1c51741a1f30c8af9d
3813703f1401c176bccbc1ed2ee7ab0f,5095269ca35a2b1c51741a1f30c8af9d
ecf39461845cb8a6566fc71aac8ff1fa,5095269ca35a2b1c51741a1f30c8af9d
2197c7affe7ebb16b7553d3c7b1d54ac,5095269ca35a2b1c51741a1f30c8af9d
84feb5041093447a773235682d0eb04d,40e9a2b4c5be615f014039a8444bf9a5
dc68e8f70f93c47da0ca3c3cab5b06cb,40e9a2b4c5be615f014039a8444bf9a5
94add57a2f0bcaf3095066265ef648e4,40e9a2b4c5be615f014039a8444bf9a5
369cb05614da24d5cc6604eb054d8f8f,40e9a2b4c5be615f014039a8444bf9a5
2809151cf98a4790f01475d5aaf41318,40e9a2b4c5be615f014039a8444bf9a5
38704a872a2e38e9f971c589d02a2ce9,8ab611e390ccaf71b31728bc50e720af
b3b8e6318d647f4187c344485e559bcf,8ab611e390ccaf71b31728bc50e720af
f46e0f4641fa6f9523ceb8d25e6c715e,8ab611e390ccaf71b31728bc50e720af
621f81ef8c55133cf585d0bb04d1cc0e,8ab611e390ccaf71b31728bc50e720af
31b4dd341b0bfd1f0cc303ceaa682f98,8ab611e390ccaf71b31728bc50e720af
2da4e2ea4761ff5a71b8bb995697f74e,cbf5bca805217383f51bee18b698d651
f1171f3f6fb8bbd06e3e93e597950628,cbf5bca805217383f51bee18b698d651
7db9b13e2a277b0b36e6eb749ccb7f4f,cbf5bca805217383f51bee18b698d651
c8e5b872dc2997e0397fe3cb1fcbccc7,cbf5bca805217383f51bee18b698d651
de71ba9460cd09021f33a0c77b0534c9,cbf5bca805217383f51bee18b698d651
760d05415053175623af5428fa7db57e,0704626c9ac10a47b9a4b55f7d3e475e
1aecfb41b977c7b1466f112319ffc4b0,0704626c9ac10a47b9a4b55f7d3e475e
e134d2fe340e36667c82c60c9f646828,119cd8636b56670cfe520a002a378769
130924dec6c848d95ec1d7e248f68dc0,119cd8636b56670cfe520a002a378769
1b8d697b9ee25541777a713f37c382a4,119cd8636b56670cfe520a002a378769
760d05415053175623af5428fa7db57e,119cd8636b56670cfe520a002a378769
40a56784bea5952fe0869074381de844,119cd8636b56670cfe520a002a378769
1b8d697b9ee25541777a713f37c382a4,3ea783ae01903c125138ed4f83261f42
760d05415053175623af5428fa7db57e,3ea783ae01903c125138ed4f83261f42
ee4c5683eb366fb5981edfeb666b7a33,0a25500e44a8456f25cceaa9027c5d7f
0a8ab1655bc1c208e937610446c851f4,0a25500e44a8456f25cceaa9027c5d7f
760d05415053175623af5428fa7db57e,0a25500e44a8456f25cceaa9027c5d7f
d5b823ead0a073a058277fd2b4680ed5,0a25500e44a8456f25cceaa9027c5d7f
af52f3500296e93514dad0d4f7bf7eab,0a25500e44a8456f25cceaa9027c5d7f
e134d2fe340e36667c82c60c9f646828,59705ac66660b2e42ecb539515bb4d44
0a8ab1655bc1c208e937610446c851f4,59705ac66660b2e42ecb539515bb4d44
5cf2456440718b644849d7ad3024f894,7eec0473199a28d14783630056147d3f
f10dc922b287bba54a63742d3124534b,7eec0473199a28d14783630056147d3f
1b8d697b9ee25541777a713f37c382a4,ea3f329893b82871942f64ca6e80e205
e134d2fe340e36667c82c60c9f646828,ea3f329893b82871942f64ca6e80e205
ee4c5683eb366fb5981edfeb666b7a33,84af78235ee269198c37653f4e7ca858
e134d2fe340e36667c82c60c9f646828,84af78235ee269198c37653f4e7ca858
760d05415053175623af5428fa7db57e,64d9dd133587372f0057d41ff2220fd4
e3ae3351a498704b5f9e82f28129a67f,64d9dd133587372f0057d41ff2220fd4
40a56784bea5952fe0869074381de844,64d9dd133587372f0057d41ff2220fd4
1b8d697b9ee25541777a713f37c382a4,d5483766656c0f6273f77db4b4068906
e134d2fe340e36667c82c60c9f646828,d5483766656c0f6273f77db4b4068906
ee4c5683eb366fb5981edfeb666b7a33,4d0e34a7393be5446f32fe54a5330bee
e134d2fe340e36667c82c60c9f646828,4d0e34a7393be5446f32fe54a5330bee
69921f37666f445de19e0e51a1b41466,4d0e34a7393be5446f32fe54a5330bee
1b8d697b9ee25541777a713f37c382a4,660231e7e14071227378d869fd2222d9
e134d2fe340e36667c82c60c9f646828,660231e7e14071227378d869fd2222d9
28430dab5c0fbf6aa7aa9dd139749dd1,660231e7e14071227378d869fd2222d9
69921f37666f445de19e0e51a1b41466,6d9d37f31d2679b2b2a11c2654092082
c3d2fde10be1feaa5d27a7d453de16c3,6d9d37f31d2679b2b2a11c2654092082
8128dadacb0a3f98b681237514b6a875,6d9d37f31d2679b2b2a11c2654092082
19e8d0a0898e1838591242817095c4a6,72aa3365214aa07042fc70e6365ebfc3
69921f37666f445de19e0e51a1b41466,df768b4a9771ce4a0ed41a0538e9001e
c3d2fde10be1feaa5d27a7d453de16c3,df768b4a9771ce4a0ed41a0538e9001e
8128dadacb0a3f98b681237514b6a875,df768b4a9771ce4a0ed41a0538e9001e
7569bdc3f3a9eb27cfc2fcd6403be869,ddbbb51fe4e0f1da76dd24121b944d73
c5c1de701fdd4680110c92a2bc684ef2,013a8fc518cb94b4c42ee56301fc1e0f
743e6b51a4afaa7da084d9dbda40f33e,67861685ac2a176efbe33efcea12ffaa
97f3c18e278f544bd60ddcc5cf8d9dc7,a1e56d3bea4ec15f3d9fa4bdd48b02f8
d3181d71f4a605005af1ba34defa8df7,3acb70ee4be3d3cac4912e8293d078d8
e5a6161e4c469602948942c180eee304,5f916302e4f5d1c33474f29b89aba358
c66622af86f870ef699b49d21438d8e2,aaaabd990439705a6b26967ee4052006
c31e94baeb551221f39c86898c4b60fd,aaaabd990439705a6b26967ee4052006
1e05b9b02f198a244058ea3c7658f14b,2c8f7aa5dea4d80622b3523447e152f7
2da4e2ea4761ff5a71b8bb995697f74e,cecd1705a01f40290bde69221c2cc0b4
912f4b9979ff295d156a6667b5b3ce96,cecd1705a01f40290bde69221c2cc0b4
04224f1befff2c7e6b4a920de879fe3e,cecd1705a01f40290bde69221c2cc0b4
c8e5b872dc2997e0397fe3cb1fcbccc7,cecd1705a01f40290bde69221c2cc0b4
6cdcb8b85b8f3ba7a93b735e8a9685d4,cfae23945c4bfa17d4045611199834e5
2da4e2ea4761ff5a71b8bb995697f74e,733a010739724bd057794a371790602e
04224f1befff2c7e6b4a920de879fe3e,733a010739724bd057794a371790602e
c8e5b872dc2997e0397fe3cb1fcbccc7,733a010739724bd057794a371790602e
605ab42dc70d13a48ea94df911eac87e,78381e141eb5b2686ed09f7e6aca5c64
d63e7ea059dc68e97e2ef16531e47e6c,78381e141eb5b2686ed09f7e6aca5c64
e6803e21b9c61f9ab3d04088638cecd2,d10dcd64668dc8e4325ffd1473d516b5
78159ce2e8957890bcdbbe297a8cf230,d10dcd64668dc8e4325ffd1473d516b5
d63e7ea059dc68e97e2ef16531e47e6c,d10dcd64668dc8e4325ffd1473d516b5
cc1c4b62dffc307c1f23d57ba91389d0,d10dcd64668dc8e4325ffd1473d516b5
66ec268f1db5db4db5d09ba7ce3d6426,d10dcd64668dc8e4325ffd1473d516b5
1ecb6941d8026d6818cdf2d4dc24afcd,280387d9880afc44bac96e65e5ad411b
ea0bd6a47ba5fa93c2c39fe1b999ef63,280387d9880afc44bac96e65e5ad411b
3e179aa1739b5bce0764091c90cbc901,e44d21539005ec8bb32b337d900888f2
0f292c01886e30a40584913668eeefb5,96e49bbb49b5055defc7eb5a2cef85a6
c5c1de701fdd4680110c92a2bc684ef2,fa5c59f981ee739b616e8b597bb4ec02
1b8d697b9ee25541777a713f37c382a4,e0f8dd45c3e852bfd178a33dea6f099d
13c430fb0c3d959b3f703823e36bff38,e0f8dd45c3e852bfd178a33dea6f099d
d5b823ead0a073a058277fd2b4680ed5,e0f8dd45c3e852bfd178a33dea6f099d
2da4e2ea4761ff5a71b8bb995697f74e,d25110238d4f2df4fd32bb174a61e62f
c8e5b872dc2997e0397fe3cb1fcbccc7,d25110238d4f2df4fd32bb174a61e62f
8cd5010f3640b7e83bbd2c3eba02b36d,d25110238d4f2df4fd32bb174a61e62f
f46e0f4641fa6f9523ceb8d25e6c715e,d25110238d4f2df4fd32bb174a61e62f
de71ba9460cd09021f33a0c77b0534c9,d25110238d4f2df4fd32bb174a61e62f
ee4c5683eb366fb5981edfeb666b7a33,e848d33a2bb6a4e37710f9ba7ec68ff5
1aecfb41b977c7b1466f112319ffc4b0,e848d33a2bb6a4e37710f9ba7ec68ff5
3898997ebb08c6affa158f767476437d,e848d33a2bb6a4e37710f9ba7ec68ff5
ab159562d13e79fd6a1eba404afddb35,e848d33a2bb6a4e37710f9ba7ec68ff5
ee4c5683eb366fb5981edfeb666b7a33,57326bf0587c0e7d3604f13a881b2fbb
3898997ebb08c6affa158f767476437d,57326bf0587c0e7d3604f13a881b2fbb
196f58edac59325349bf052646f8b12e,57326bf0587c0e7d3604f13a881b2fbb
1aecfb41b977c7b1466f112319ffc4b0,95b28a0f2551e43a623849358648f04c
1866e5142d4c27fb13b8318f1cc48c7b,95b28a0f2551e43a623849358648f04c
d5b823ead0a073a058277fd2b4680ed5,95b28a0f2551e43a623849358648f04c
2da4e2ea4761ff5a71b8bb995697f74e,10a1e2b43750ecec47381490143ef75b
b3b8e6318d647f4187c344485e559bcf,bafe5029be86af513e8c6ccac88535da
38704a872a2e38e9f971c589d02a2ce9,bafe5029be86af513e8c6ccac88535da
1aecfb41b977c7b1466f112319ffc4b0,f75b7bd6119b61e44ec5d1b46f19a3ad
760d05415053175623af5428fa7db57e,f75b7bd6119b61e44ec5d1b46f19a3ad
13390bf54ef0de431c6126c16626e18f,f75b7bd6119b61e44ec5d1b46f19a3ad
03cf33c84c86fab3b45a3e29c509e152,f75b7bd6119b61e44ec5d1b46f19a3ad
1866e5142d4c27fb13b8318f1cc48c7b,d62267ab8cee4485214b2fe241ff5c8f
17d831567fd8dccaf5550aa9f389b790,d62267ab8cee4485214b2fe241ff5c8f
267e975723093b45e5eaa2062bc07403,d62267ab8cee4485214b2fe241ff5c8f
5cf2456440718b644849d7ad3024f894,d62267ab8cee4485214b2fe241ff5c8f
1866e5142d4c27fb13b8318f1cc48c7b,f73469fe27f93b1872ad25006534bdae
d5f2a207df0ac6139061182ab4994cdb,f73469fe27f93b1872ad25006534bdae
d03eb7a58d7e9bbc25291a228a172fbe,f73469fe27f93b1872ad25006534bdae
8128dadacb0a3f98b681237514b6a875,f73469fe27f93b1872ad25006534bdae
c3d2fde10be1feaa5d27a7d453de16c3,f73469fe27f93b1872ad25006534bdae
12c67d0e047bbfe7e5fb9d79e175a6a5,f73469fe27f93b1872ad25006534bdae
5cf2456440718b644849d7ad3024f894,33a57eb44303678370f52750687b41f0
2197c7affe7ebb16b7553d3c7b1d54ac,33a57eb44303678370f52750687b41f0
9ed0a980feeba6ac054fda58a05db190,33a57eb44303678370f52750687b41f0
f30e3376cfe139adae280c576cbbf2f5,33a57eb44303678370f52750687b41f0
22513f2e6beb493cf9bc9e07eeafa766,33a57eb44303678370f52750687b41f0
7f79d3291ffb4d6096246907d303dfab,33a57eb44303678370f52750687b41f0
5331e61666b57b07afaaa46b25522085,33a57eb44303678370f52750687b41f0
69921f37666f445de19e0e51a1b41466,33a57eb44303678370f52750687b41f0
d94d9fda6a1c390905e3898ca5ae1744,33a57eb44303678370f52750687b41f0
388f1ae678a470962c68ba59acdaad50,33a57eb44303678370f52750687b41f0
3e80895783c6f8e6b4568b74bf5fdda7,dbf65d19d29db1f9719f13e164d70db0
5cf2456440718b644849d7ad3024f894,dbf65d19d29db1f9719f13e164d70db0
5331e61666b57b07afaaa46b25522085,dbf65d19d29db1f9719f13e164d70db0
a3f4a5b080e2a4ef4a708b9c9f5ad003,dbf65d19d29db1f9719f13e164d70db0
d94d9fda6a1c390905e3898ca5ae1744,dbf65d19d29db1f9719f13e164d70db0
388f1ae678a470962c68ba59acdaad50,dbf65d19d29db1f9719f13e164d70db0
7f79d3291ffb4d6096246907d303dfab,dbf65d19d29db1f9719f13e164d70db0
69921f37666f445de19e0e51a1b41466,dbf65d19d29db1f9719f13e164d70db0
f30e3376cfe139adae280c576cbbf2f5,dbf65d19d29db1f9719f13e164d70db0
1866e5142d4c27fb13b8318f1cc48c7b,182daf5adb0f3a4a1f28d1939439d1f5
deccbf0117375783dbbafadf45cd154a,182daf5adb0f3a4a1f28d1939439d1f5
ee4c5683eb366fb5981edfeb666b7a33,182daf5adb0f3a4a1f28d1939439d1f5
5cf2456440718b644849d7ad3024f894,182daf5adb0f3a4a1f28d1939439d1f5
2cf1e6cf0970a31541f19b9b4cfa8ca5,182daf5adb0f3a4a1f28d1939439d1f5
2596b01782d977416181506febaf5d16,182daf5adb0f3a4a1f28d1939439d1f5
ab1b862c8c936cfb5f6f2fd95dd72f90,182daf5adb0f3a4a1f28d1939439d1f5
2e4fe10fb94a28dbcfcc5c9c1c3326bf,182daf5adb0f3a4a1f28d1939439d1f5
9ee4abbc3709fa89e03b0b2e0163b054,182daf5adb0f3a4a1f28d1939439d1f5
264d9bb481d458fdda428e70a2bfe2dd,182daf5adb0f3a4a1f28d1939439d1f5
22513f2e6beb493cf9bc9e07eeafa766,adbcf7e4bd2bfb449d0bde410841e395
ee4c5683eb366fb5981edfeb666b7a33,cbda5291f93b702de9e52e785af574c0
760d05415053175623af5428fa7db57e,cbda5291f93b702de9e52e785af574c0
1aecfb41b977c7b1466f112319ffc4b0,cbda5291f93b702de9e52e785af574c0
1866e5142d4c27fb13b8318f1cc48c7b,28df54b4158a42b9fefe60277f2aa1e4
2197c7affe7ebb16b7553d3c7b1d54ac,28df54b4158a42b9fefe60277f2aa1e4
267e975723093b45e5eaa2062bc07403,ff3721de9a098209a6047f3e844f9b9d
1866e5142d4c27fb13b8318f1cc48c7b,ff3721de9a098209a6047f3e844f9b9d
5d6593b4b783afd98bb66801fb13f1f0,ff3721de9a098209a6047f3e844f9b9d
639a2ad445fcafb636f2bef21c400ecc,ff3721de9a098209a6047f3e844f9b9d
40a56784bea5952fe0869074381de844,ff3721de9a098209a6047f3e844f9b9d
5cf2456440718b644849d7ad3024f894,9720892345fbff4417d1abbe415e0197
267e975723093b45e5eaa2062bc07403,9720892345fbff4417d1abbe415e0197
f401a6f6ca52c6731e20ef75d1512c2b,0991d05bc73a780dc0cbcdabe1553247
2cf1e6cf0970a31541f19b9b4cfa8ca5,0991d05bc73a780dc0cbcdabe1553247
d5f2a207df0ac6139061182ab4994cdb,0991d05bc73a780dc0cbcdabe1553247
18f529a7016554a3233cbf7901a16be1,0991d05bc73a780dc0cbcdabe1553247
6dd5604374ca467c6dd36bbbfb215971,0991d05bc73a780dc0cbcdabe1553247
fbd4111769433224a2b56ac43dd11152,0991d05bc73a780dc0cbcdabe1553247
7017f93c90baa8111bc2a90f226021c7,0991d05bc73a780dc0cbcdabe1553247
40a56784bea5952fe0869074381de844,0991d05bc73a780dc0cbcdabe1553247
b0427fa0ac910dac882a2f36e52b236e,0991d05bc73a780dc0cbcdabe1553247
0d99831f1143961ad35d4c276fbb142c,0991d05bc73a780dc0cbcdabe1553247
2596b01782d977416181506febaf5d16,0991d05bc73a780dc0cbcdabe1553247
68462d853284baaf285533102f70a44a,0991d05bc73a780dc0cbcdabe1553247
80ebf0193c02cd25d62535b97360d968,0991d05bc73a780dc0cbcdabe1553247
cf07c3e48fa617f87a382bb9dc3a581b,0991d05bc73a780dc0cbcdabe1553247
0831beb3084156aee5b3646a045a1151,0991d05bc73a780dc0cbcdabe1553247
217e79204f600f96d551b0eb57ac7cab,0991d05bc73a780dc0cbcdabe1553247
c5780c54f66f2c4a090ef5ff61167da6,0991d05bc73a780dc0cbcdabe1553247
267e975723093b45e5eaa2062bc07403,0991d05bc73a780dc0cbcdabe1553247
2197c7affe7ebb16b7553d3c7b1d54ac,0991d05bc73a780dc0cbcdabe1553247
4465750d071a2c4e7ea142f61754d79b,0991d05bc73a780dc0cbcdabe1553247
f401a6f6ca52c6731e20ef75d1512c2b,384d2af977c1ca6fe7ba1671222daaf3
0d99831f1143961ad35d4c276fbb142c,384d2af977c1ca6fe7ba1671222daaf3
f401a6f6ca52c6731e20ef75d1512c2b,42b5f174c8a74ae24a7fe3b941be5ef2
0d99831f1143961ad35d4c276fbb142c,42b5f174c8a74ae24a7fe3b941be5ef2
f401a6f6ca52c6731e20ef75d1512c2b,887bfef34b4eb4ead9199fa2a9c8151c
0d99831f1143961ad35d4c276fbb142c,887bfef34b4eb4ead9199fa2a9c8151c
ab1b862c8c936cfb5f6f2fd95dd72f90,a6aff98397b3123b77828c781bcf31ab
f401a6f6ca52c6731e20ef75d1512c2b,a6aff98397b3123b77828c781bcf31ab
0d99831f1143961ad35d4c276fbb142c,a6aff98397b3123b77828c781bcf31ab
760d05415053175623af5428fa7db57e,a6ce5893b3887c30c95355d64e5e52c9
4ef93d84805d4382c5a613da45c36fbf,a6ce5893b3887c30c95355d64e5e52c9
1aecfb41b977c7b1466f112319ffc4b0,a513b77c09aabc67a79e553d8ddc0646
760d05415053175623af5428fa7db57e,a513b77c09aabc67a79e553d8ddc0646
e134d2fe340e36667c82c60c9f646828,a513b77c09aabc67a79e553d8ddc0646
1b8d697b9ee25541777a713f37c382a4,a513b77c09aabc67a79e553d8ddc0646
13390bf54ef0de431c6126c16626e18f,a513b77c09aabc67a79e553d8ddc0646
567ced77ca9275c8e5f2a97cefa67ed8,a513b77c09aabc67a79e553d8ddc0646
3898997ebb08c6affa158f767476437d,a513b77c09aabc67a79e553d8ddc0646
ab159562d13e79fd6a1eba404afddb35,a513b77c09aabc67a79e553d8ddc0646
a56587b7e129bb1fa4e8c25f7494e958,a513b77c09aabc67a79e553d8ddc0646
9e3f57a734f62f810af2c9e92b42c71d,a513b77c09aabc67a79e553d8ddc0646
03cf33c84c86fab3b45a3e29c509e152,a513b77c09aabc67a79e553d8ddc0646
7f0b51760800167e8ffee79ed3322fc9,a513b77c09aabc67a79e553d8ddc0646
1aecfb41b977c7b1466f112319ffc4b0,47dce8bbdbb84b3add92844000424321
2da4e2ea4761ff5a71b8bb995697f74e,47dce8bbdbb84b3add92844000424321
1c54c724ed079f23fea9f2e66b7b5772,47dce8bbdbb84b3add92844000424321
312403e7511b1a0466f5fc96a6aea98f,47dce8bbdbb84b3add92844000424321
dde240605f10389f43be0fa51beb4459,47dce8bbdbb84b3add92844000424321
aebf223af0e30a50b928fa23fffe24b1,47dce8bbdbb84b3add92844000424321
d63e7ea059dc68e97e2ef16531e47e6c,47dce8bbdbb84b3add92844000424321
e6803e21b9c61f9ab3d04088638cecd2,47dce8bbdbb84b3add92844000424321
3898997ebb08c6affa158f767476437d,47dce8bbdbb84b3add92844000424321
840dd7f97d8b4f6f09b62a65c8965818,47dce8bbdbb84b3add92844000424321
196f58edac59325349bf052646f8b12e,47dce8bbdbb84b3add92844000424321
760d05415053175623af5428fa7db57e,f9fed53ba1e40de916115d8a55f8196e
1aecfb41b977c7b1466f112319ffc4b0,f9fed53ba1e40de916115d8a55f8196e
40a56784bea5952fe0869074381de844,f9fed53ba1e40de916115d8a55f8196e
2197c7affe7ebb16b7553d3c7b1d54ac,a95aff838447480a65cdf56821e87762
3222bc165aebf7699ce00fa669f957d2,a95aff838447480a65cdf56821e87762
7f79d3291ffb4d6096246907d303dfab,a95aff838447480a65cdf56821e87762
3e80895783c6f8e6b4568b74bf5fdda7,a95aff838447480a65cdf56821e87762
060b096b994221c5687ab62c03924d55,21ba29fb03ccb158197c34ad43deda88
1640cce309c42cbd85ce647c8d6e20e0,21ba29fb03ccb158197c34ad43deda88
1866e5142d4c27fb13b8318f1cc48c7b,21ba29fb03ccb158197c34ad43deda88
5cf2456440718b644849d7ad3024f894,21ba29fb03ccb158197c34ad43deda88
40a56784bea5952fe0869074381de844,21ba29fb03ccb158197c34ad43deda88
7f79d3291ffb4d6096246907d303dfab,21ba29fb03ccb158197c34ad43deda88
f30e3376cfe139adae280c576cbbf2f5,21ba29fb03ccb158197c34ad43deda88
2e4fe10fb94a28dbcfcc5c9c1c3326bf,88177e0c63fd40583985ffdd6a9f7c59
19e8d0a0898e1838591242817095c4a6,88177e0c63fd40583985ffdd6a9f7c59
85a21fe32360ab8a9b5dc72605096e8e,88177e0c63fd40583985ffdd6a9f7c59
bc3be85ff352e383137e09758e1cf592,88177e0c63fd40583985ffdd6a9f7c59
65d20a00fa301c0d35c3040157c30712,88177e0c63fd40583985ffdd6a9f7c59
8284255d561e3e92dcdb4f457d453277,a3b63c1b8465404f1d44be5706c74726
0ad4a7ce0c4833ca2624b02eb1f89631,a3b63c1b8465404f1d44be5706c74726
af52f3500296e93514dad0d4f7bf7eab,a3b63c1b8465404f1d44be5706c74726
3a8896454710363f552ea192d1a1b733,a3b63c1b8465404f1d44be5706c74726
9744b390a1beffbd77fce8dfb6213161,a3b63c1b8465404f1d44be5706c74726
b0427fa0ac910dac882a2f36e52b236e,a3b63c1b8465404f1d44be5706c74726
0d99831f1143961ad35d4c276fbb142c,a3b63c1b8465404f1d44be5706c74726
daeeb34fa583081416b99426ed271d08,0a7cc01bf3c79c469ab486605b39c6b0
3634d439b25774e716ca9ef0c13a202e,0a7cc01bf3c79c469ab486605b39c6b0
8a466fde8d2795deda1289bf5401c651,0a7cc01bf3c79c469ab486605b39c6b0
f1c220ff65e7403b544e43ed9c15e808,0a7cc01bf3c79c469ab486605b39c6b0
971cfa3f8131f437cf67c2d244f77e93,0a7cc01bf3c79c469ab486605b39c6b0
91d9ca6b1168d056693a8906c9c6b785,0a7cc01bf3c79c469ab486605b39c6b0
4d81a9efbfc11dd630ff7dce06ccbf6c,0a7cc01bf3c79c469ab486605b39c6b0
daeeb34fa583081416b99426ed271d08,fc2ee33c36b0303c70d57c307e1444eb
3634d439b25774e716ca9ef0c13a202e,fc2ee33c36b0303c70d57c307e1444eb
8a466fde8d2795deda1289bf5401c651,fc2ee33c36b0303c70d57c307e1444eb
f1c220ff65e7403b544e43ed9c15e808,fc2ee33c36b0303c70d57c307e1444eb
971cfa3f8131f437cf67c2d244f77e93,fc2ee33c36b0303c70d57c307e1444eb
91d9ca6b1168d056693a8906c9c6b785,fc2ee33c36b0303c70d57c307e1444eb
4d81a9efbfc11dd630ff7dce06ccbf6c,fc2ee33c36b0303c70d57c307e1444eb
daeeb34fa583081416b99426ed271d08,81c7bf9d87bd20d06ecad8b13da80653
3634d439b25774e716ca9ef0c13a202e,81c7bf9d87bd20d06ecad8b13da80653
8a466fde8d2795deda1289bf5401c651,81c7bf9d87bd20d06ecad8b13da80653
f1c220ff65e7403b544e43ed9c15e808,81c7bf9d87bd20d06ecad8b13da80653
971cfa3f8131f437cf67c2d244f77e93,81c7bf9d87bd20d06ecad8b13da80653
91d9ca6b1168d056693a8906c9c6b785,81c7bf9d87bd20d06ecad8b13da80653
4d81a9efbfc11dd630ff7dce06ccbf6c,81c7bf9d87bd20d06ecad8b13da80653
daeeb34fa583081416b99426ed271d08,6001e69a3cf62df722e84b529bc3b720
3634d439b25774e716ca9ef0c13a202e,6001e69a3cf62df722e84b529bc3b720
8a466fde8d2795deda1289bf5401c651,6001e69a3cf62df722e84b529bc3b720
f1c220ff65e7403b544e43ed9c15e808,6001e69a3cf62df722e84b529bc3b720
971cfa3f8131f437cf67c2d244f77e93,6001e69a3cf62df722e84b529bc3b720
91d9ca6b1168d056693a8906c9c6b785,6001e69a3cf62df722e84b529bc3b720
4d81a9efbfc11dd630ff7dce06ccbf6c,6001e69a3cf62df722e84b529bc3b720
daeeb34fa583081416b99426ed271d08,d71f3375df4cfee69d313c61be32aab2
3634d439b25774e716ca9ef0c13a202e,d71f3375df4cfee69d313c61be32aab2
8a466fde8d2795deda1289bf5401c651,d71f3375df4cfee69d313c61be32aab2
f1c220ff65e7403b544e43ed9c15e808,d71f3375df4cfee69d313c61be32aab2
971cfa3f8131f437cf67c2d244f77e93,d71f3375df4cfee69d313c61be32aab2
91d9ca6b1168d056693a8906c9c6b785,d71f3375df4cfee69d313c61be32aab2
4d81a9efbfc11dd630ff7dce06ccbf6c,d71f3375df4cfee69d313c61be32aab2
daeeb34fa583081416b99426ed271d08,5673059248969c99e90f15a4a2084e2e
3634d439b25774e716ca9ef0c13a202e,5673059248969c99e90f15a4a2084e2e
8a466fde8d2795deda1289bf5401c651,5673059248969c99e90f15a4a2084e2e
f1c220ff65e7403b544e43ed9c15e808,5673059248969c99e90f15a4a2084e2e
971cfa3f8131f437cf67c2d244f77e93,5673059248969c99e90f15a4a2084e2e
91d9ca6b1168d056693a8906c9c6b785,5673059248969c99e90f15a4a2084e2e
4d81a9efbfc11dd630ff7dce06ccbf6c,5673059248969c99e90f15a4a2084e2e
daeeb34fa583081416b99426ed271d08,4fe6a8f80dab64b6895da8123a947aac
3634d439b25774e716ca9ef0c13a202e,4fe6a8f80dab64b6895da8123a947aac
8a466fde8d2795deda1289bf5401c651,4fe6a8f80dab64b6895da8123a947aac
f1c220ff65e7403b544e43ed9c15e808,4fe6a8f80dab64b6895da8123a947aac
971cfa3f8131f437cf67c2d244f77e93,4fe6a8f80dab64b6895da8123a947aac
91d9ca6b1168d056693a8906c9c6b785,4fe6a8f80dab64b6895da8123a947aac
4d81a9efbfc11dd630ff7dce06ccbf6c,4fe6a8f80dab64b6895da8123a947aac
daeeb34fa583081416b99426ed271d08,a5b7a244ef1dfdd0226a71ab5735a532
4bde7b0f2f0158ff56272ab9e03dd278,a5b7a244ef1dfdd0226a71ab5735a532
fe44c91a25ce95a2ae1f2daa439952d9,a5b7a244ef1dfdd0226a71ab5735a532
8ed30df11f53aea510bc1dfe4ce6a4fc,a5b7a244ef1dfdd0226a71ab5735a532
d2f791cd65fe8c26ee7d3a0bbabac418,a5b7a244ef1dfdd0226a71ab5735a532
52c51f73f43363a3aad395d75c43aaf1,a5b7a244ef1dfdd0226a71ab5735a532
5267f30572db714a295a4c61b9a3c0d6,a5b7a244ef1dfdd0226a71ab5735a532
7a5bfdd8fb5fe1a5457c265d7059f34f,a5b7a244ef1dfdd0226a71ab5735a532
3808fd2b5490a16b8bf59f8df55e4a36,a5b7a244ef1dfdd0226a71ab5735a532
daeeb34fa583081416b99426ed271d08,956e14af9bae0df54d59413c9875d52b
4bde7b0f2f0158ff56272ab9e03dd278,956e14af9bae0df54d59413c9875d52b
fe44c91a25ce95a2ae1f2daa439952d9,956e14af9bae0df54d59413c9875d52b
8ed30df11f53aea510bc1dfe4ce6a4fc,956e14af9bae0df54d59413c9875d52b
d2f791cd65fe8c26ee7d3a0bbabac418,956e14af9bae0df54d59413c9875d52b
52c51f73f43363a3aad395d75c43aaf1,956e14af9bae0df54d59413c9875d52b
5267f30572db714a295a4c61b9a3c0d6,956e14af9bae0df54d59413c9875d52b
7a5bfdd8fb5fe1a5457c265d7059f34f,956e14af9bae0df54d59413c9875d52b
3808fd2b5490a16b8bf59f8df55e4a36,956e14af9bae0df54d59413c9875d52b
daeeb34fa583081416b99426ed271d08,9d4d4d95d729856df29cadb57b04f74a
4bde7b0f2f0158ff56272ab9e03dd278,9d4d4d95d729856df29cadb57b04f74a
fe44c91a25ce95a2ae1f2daa439952d9,9d4d4d95d729856df29cadb57b04f74a
8ed30df11f53aea510bc1dfe4ce6a4fc,9d4d4d95d729856df29cadb57b04f74a
d2f791cd65fe8c26ee7d3a0bbabac418,9d4d4d95d729856df29cadb57b04f74a
52c51f73f43363a3aad395d75c43aaf1,9d4d4d95d729856df29cadb57b04f74a
5267f30572db714a295a4c61b9a3c0d6,9d4d4d95d729856df29cadb57b04f74a
7a5bfdd8fb5fe1a5457c265d7059f34f,9d4d4d95d729856df29cadb57b04f74a
3808fd2b5490a16b8bf59f8df55e4a36,9d4d4d95d729856df29cadb57b04f74a
daeeb34fa583081416b99426ed271d08,27c2bafff4582a0f6570adbb5e3b3e1b
4bde7b0f2f0158ff56272ab9e03dd278,27c2bafff4582a0f6570adbb5e3b3e1b
fe44c91a25ce95a2ae1f2daa439952d9,27c2bafff4582a0f6570adbb5e3b3e1b
8ed30df11f53aea510bc1dfe4ce6a4fc,27c2bafff4582a0f6570adbb5e3b3e1b
d2f791cd65fe8c26ee7d3a0bbabac418,27c2bafff4582a0f6570adbb5e3b3e1b
52c51f73f43363a3aad395d75c43aaf1,27c2bafff4582a0f6570adbb5e3b3e1b
5267f30572db714a295a4c61b9a3c0d6,27c2bafff4582a0f6570adbb5e3b3e1b
7a5bfdd8fb5fe1a5457c265d7059f34f,27c2bafff4582a0f6570adbb5e3b3e1b
3808fd2b5490a16b8bf59f8df55e4a36,27c2bafff4582a0f6570adbb5e3b3e1b
daeeb34fa583081416b99426ed271d08,41abb5e83a7f793fe5e63eae4f76547b
4bde7b0f2f0158ff56272ab9e03dd278,41abb5e83a7f793fe5e63eae4f76547b
fe44c91a25ce95a2ae1f2daa439952d9,41abb5e83a7f793fe5e63eae4f76547b
8ed30df11f53aea510bc1dfe4ce6a4fc,41abb5e83a7f793fe5e63eae4f76547b
d2f791cd65fe8c26ee7d3a0bbabac418,41abb5e83a7f793fe5e63eae4f76547b
52c51f73f43363a3aad395d75c43aaf1,41abb5e83a7f793fe5e63eae4f76547b
5267f30572db714a295a4c61b9a3c0d6,41abb5e83a7f793fe5e63eae4f76547b
7a5bfdd8fb5fe1a5457c265d7059f34f,41abb5e83a7f793fe5e63eae4f76547b
3808fd2b5490a16b8bf59f8df55e4a36,41abb5e83a7f793fe5e63eae4f76547b
daeeb34fa583081416b99426ed271d08,65ed77d3f317c8a41f7dc42cdb2c7da7
4bde7b0f2f0158ff56272ab9e03dd278,65ed77d3f317c8a41f7dc42cdb2c7da7
fe44c91a25ce95a2ae1f2daa439952d9,65ed77d3f317c8a41f7dc42cdb2c7da7
8ed30df11f53aea510bc1dfe4ce6a4fc,65ed77d3f317c8a41f7dc42cdb2c7da7
d2f791cd65fe8c26ee7d3a0bbabac418,65ed77d3f317c8a41f7dc42cdb2c7da7
52c51f73f43363a3aad395d75c43aaf1,65ed77d3f317c8a41f7dc42cdb2c7da7
5267f30572db714a295a4c61b9a3c0d6,65ed77d3f317c8a41f7dc42cdb2c7da7
7a5bfdd8fb5fe1a5457c265d7059f34f,65ed77d3f317c8a41f7dc42cdb2c7da7
3808fd2b5490a16b8bf59f8df55e4a36,65ed77d3f317c8a41f7dc42cdb2c7da7
91d9ca6b1168d056693a8906c9c6b785,84d7487ed37107da12eb564c7a84d63e
4d81a9efbfc11dd630ff7dce06ccbf6c,84d7487ed37107da12eb564c7a84d63e
ef3b47448f03b86268790996c9a5657e,84d7487ed37107da12eb564c7a84d63e
52cecb27b14d7b47dfb0d80465a4afbe,84d7487ed37107da12eb564c7a84d63e
dbea7c8a34acd6717d783b89f0398faa,84d7487ed37107da12eb564c7a84d63e
91d9ca6b1168d056693a8906c9c6b785,48e859fda015d5c262dd1c1a66791e5e
4d81a9efbfc11dd630ff7dce06ccbf6c,48e859fda015d5c262dd1c1a66791e5e
ef3b47448f03b86268790996c9a5657e,48e859fda015d5c262dd1c1a66791e5e
52cecb27b14d7b47dfb0d80465a4afbe,48e859fda015d5c262dd1c1a66791e5e
dbea7c8a34acd6717d783b89f0398faa,48e859fda015d5c262dd1c1a66791e5e
91d9ca6b1168d056693a8906c9c6b785,eb7dc8e49294496e0654fa2bc502cba7
4d81a9efbfc11dd630ff7dce06ccbf6c,eb7dc8e49294496e0654fa2bc502cba7
ef3b47448f03b86268790996c9a5657e,eb7dc8e49294496e0654fa2bc502cba7
52cecb27b14d7b47dfb0d80465a4afbe,eb7dc8e49294496e0654fa2bc502cba7
dbea7c8a34acd6717d783b89f0398faa,eb7dc8e49294496e0654fa2bc502cba7
91d9ca6b1168d056693a8906c9c6b785,9cc534352abd3bb32f25ee2a1f12cfa4
4d81a9efbfc11dd630ff7dce06ccbf6c,9cc534352abd3bb32f25ee2a1f12cfa4
ef3b47448f03b86268790996c9a5657e,9cc534352abd3bb32f25ee2a1f12cfa4
52cecb27b14d7b47dfb0d80465a4afbe,9cc534352abd3bb32f25ee2a1f12cfa4
dbea7c8a34acd6717d783b89f0398faa,9cc534352abd3bb32f25ee2a1f12cfa4
f6984495d7c59e1e7ac37eb3e8f9722e,d150886acb92edf8533bc6ea5b473c97
682c93f5d8e002644e69cc8715f67968,d150886acb92edf8533bc6ea5b473c97
3634d439b25774e716ca9ef0c13a202e,d150886acb92edf8533bc6ea5b473c97
a2cc337f9154ca9b03235b64b52e4340,d150886acb92edf8533bc6ea5b473c97
111b1eab8b4206a3bb3eefde51b9353c,d150886acb92edf8533bc6ea5b473c97
daeeb34fa583081416b99426ed271d08,d150886acb92edf8533bc6ea5b473c97
4bde7b0f2f0158ff56272ab9e03dd278,d150886acb92edf8533bc6ea5b473c97
9c58d0d96cd39030c728ef8645577f0c,d150886acb92edf8533bc6ea5b473c97
f6984495d7c59e1e7ac37eb3e8f9722e,934a83d0ce76dc2c557861fccbf05bf5
682c93f5d8e002644e69cc8715f67968,934a83d0ce76dc2c557861fccbf05bf5
3634d439b25774e716ca9ef0c13a202e,934a83d0ce76dc2c557861fccbf05bf5
a2cc337f9154ca9b03235b64b52e4340,934a83d0ce76dc2c557861fccbf05bf5
111b1eab8b4206a3bb3eefde51b9353c,934a83d0ce76dc2c557861fccbf05bf5
daeeb34fa583081416b99426ed271d08,934a83d0ce76dc2c557861fccbf05bf5
4bde7b0f2f0158ff56272ab9e03dd278,934a83d0ce76dc2c557861fccbf05bf5
9c58d0d96cd39030c728ef8645577f0c,934a83d0ce76dc2c557861fccbf05bf5
f6984495d7c59e1e7ac37eb3e8f9722e,dbb6b9400b9d07fab221f594448e8741
682c93f5d8e002644e69cc8715f67968,dbb6b9400b9d07fab221f594448e8741
3634d439b25774e716ca9ef0c13a202e,dbb6b9400b9d07fab221f594448e8741
a2cc337f9154ca9b03235b64b52e4340,dbb6b9400b9d07fab221f594448e8741
111b1eab8b4206a3bb3eefde51b9353c,dbb6b9400b9d07fab221f594448e8741
daeeb34fa583081416b99426ed271d08,dbb6b9400b9d07fab221f594448e8741
4bde7b0f2f0158ff56272ab9e03dd278,dbb6b9400b9d07fab221f594448e8741
9c58d0d96cd39030c728ef8645577f0c,dbb6b9400b9d07fab221f594448e8741
f6984495d7c59e1e7ac37eb3e8f9722e,bfb54be7e1090442252715077986e1e3
682c93f5d8e002644e69cc8715f67968,bfb54be7e1090442252715077986e1e3
3634d439b25774e716ca9ef0c13a202e,bfb54be7e1090442252715077986e1e3
a2cc337f9154ca9b03235b64b52e4340,bfb54be7e1090442252715077986e1e3
111b1eab8b4206a3bb3eefde51b9353c,bfb54be7e1090442252715077986e1e3
daeeb34fa583081416b99426ed271d08,bfb54be7e1090442252715077986e1e3
4bde7b0f2f0158ff56272ab9e03dd278,bfb54be7e1090442252715077986e1e3
9c58d0d96cd39030c728ef8645577f0c,bfb54be7e1090442252715077986e1e3
f6984495d7c59e1e7ac37eb3e8f9722e,f11d2d0c90a85f9ce71bc32f864f5b88
682c93f5d8e002644e69cc8715f67968,f11d2d0c90a85f9ce71bc32f864f5b88
3634d439b25774e716ca9ef0c13a202e,f11d2d0c90a85f9ce71bc32f864f5b88
a2cc337f9154ca9b03235b64b52e4340,f11d2d0c90a85f9ce71bc32f864f5b88
111b1eab8b4206a3bb3eefde51b9353c,f11d2d0c90a85f9ce71bc32f864f5b88
daeeb34fa583081416b99426ed271d08,f11d2d0c90a85f9ce71bc32f864f5b88
4bde7b0f2f0158ff56272ab9e03dd278,f11d2d0c90a85f9ce71bc32f864f5b88
9c58d0d96cd39030c728ef8645577f0c,f11d2d0c90a85f9ce71bc32f864f5b88
f6984495d7c59e1e7ac37eb3e8f9722e,cd59522e328aaae09e0e466389ec82cd
682c93f5d8e002644e69cc8715f67968,cd59522e328aaae09e0e466389ec82cd
3634d439b25774e716ca9ef0c13a202e,cd59522e328aaae09e0e466389ec82cd
a2cc337f9154ca9b03235b64b52e4340,cd59522e328aaae09e0e466389ec82cd
111b1eab8b4206a3bb3eefde51b9353c,cd59522e328aaae09e0e466389ec82cd
daeeb34fa583081416b99426ed271d08,cd59522e328aaae09e0e466389ec82cd
4bde7b0f2f0158ff56272ab9e03dd278,cd59522e328aaae09e0e466389ec82cd
9c58d0d96cd39030c728ef8645577f0c,cd59522e328aaae09e0e466389ec82cd
f6984495d7c59e1e7ac37eb3e8f9722e,90dfac5ca693956939289c81751e11ab
682c93f5d8e002644e69cc8715f67968,90dfac5ca693956939289c81751e11ab
3634d439b25774e716ca9ef0c13a202e,90dfac5ca693956939289c81751e11ab
a2cc337f9154ca9b03235b64b52e4340,90dfac5ca693956939289c81751e11ab
111b1eab8b4206a3bb3eefde51b9353c,90dfac5ca693956939289c81751e11ab
daeeb34fa583081416b99426ed271d08,90dfac5ca693956939289c81751e11ab
4bde7b0f2f0158ff56272ab9e03dd278,90dfac5ca693956939289c81751e11ab
9c58d0d96cd39030c728ef8645577f0c,90dfac5ca693956939289c81751e11ab
f6984495d7c59e1e7ac37eb3e8f9722e,b68823588af4f9fee3e34b6ad5f6d4e0
682c93f5d8e002644e69cc8715f67968,b68823588af4f9fee3e34b6ad5f6d4e0
3634d439b25774e716ca9ef0c13a202e,b68823588af4f9fee3e34b6ad5f6d4e0
a2cc337f9154ca9b03235b64b52e4340,b68823588af4f9fee3e34b6ad5f6d4e0
111b1eab8b4206a3bb3eefde51b9353c,b68823588af4f9fee3e34b6ad5f6d4e0
daeeb34fa583081416b99426ed271d08,b68823588af4f9fee3e34b6ad5f6d4e0
4bde7b0f2f0158ff56272ab9e03dd278,b68823588af4f9fee3e34b6ad5f6d4e0
9c58d0d96cd39030c728ef8645577f0c,b68823588af4f9fee3e34b6ad5f6d4e0
f6984495d7c59e1e7ac37eb3e8f9722e,6cfb4a0c22b01edfde01b46918a18761
682c93f5d8e002644e69cc8715f67968,6cfb4a0c22b01edfde01b46918a18761
3634d439b25774e716ca9ef0c13a202e,6cfb4a0c22b01edfde01b46918a18761
a2cc337f9154ca9b03235b64b52e4340,6cfb4a0c22b01edfde01b46918a18761
111b1eab8b4206a3bb3eefde51b9353c,6cfb4a0c22b01edfde01b46918a18761
daeeb34fa583081416b99426ed271d08,6cfb4a0c22b01edfde01b46918a18761
4bde7b0f2f0158ff56272ab9e03dd278,6cfb4a0c22b01edfde01b46918a18761
9c58d0d96cd39030c728ef8645577f0c,6cfb4a0c22b01edfde01b46918a18761
7742b8273212f13f747a32dd6833e568,3e26e8f1fa109bd401d343236175d530
afbfb16184e1b14168b76179f992614f,3e26e8f1fa109bd401d343236175d530
1278d4ec979574d97973e8005b9c98c3,3e26e8f1fa109bd401d343236175d530
78e502fdcf0f0df7291f61db2018b0c0,3e26e8f1fa109bd401d343236175d530
f1c220ff65e7403b544e43ed9c15e808,3e26e8f1fa109bd401d343236175d530
971cfa3f8131f437cf67c2d244f77e93,3e26e8f1fa109bd401d343236175d530
3634d439b25774e716ca9ef0c13a202e,3e26e8f1fa109bd401d343236175d530
7742b8273212f13f747a32dd6833e568,c56bee1db640a568e7568f18e79bef68
afbfb16184e1b14168b76179f992614f,c56bee1db640a568e7568f18e79bef68
1278d4ec979574d97973e8005b9c98c3,c56bee1db640a568e7568f18e79bef68
78e502fdcf0f0df7291f61db2018b0c0,c56bee1db640a568e7568f18e79bef68
f1c220ff65e7403b544e43ed9c15e808,c56bee1db640a568e7568f18e79bef68
971cfa3f8131f437cf67c2d244f77e93,c56bee1db640a568e7568f18e79bef68
3634d439b25774e716ca9ef0c13a202e,c56bee1db640a568e7568f18e79bef68
7742b8273212f13f747a32dd6833e568,c7c94d466eb17d554151bd15de5fa892
afbfb16184e1b14168b76179f992614f,c7c94d466eb17d554151bd15de5fa892
1278d4ec979574d97973e8005b9c98c3,c7c94d466eb17d554151bd15de5fa892
78e502fdcf0f0df7291f61db2018b0c0,c7c94d466eb17d554151bd15de5fa892
f1c220ff65e7403b544e43ed9c15e808,c7c94d466eb17d554151bd15de5fa892
971cfa3f8131f437cf67c2d244f77e93,c7c94d466eb17d554151bd15de5fa892
3634d439b25774e716ca9ef0c13a202e,c7c94d466eb17d554151bd15de5fa892
7742b8273212f13f747a32dd6833e568,595b6d18e04d72c0a042362f3010a9d9
afbfb16184e1b14168b76179f992614f,595b6d18e04d72c0a042362f3010a9d9
1278d4ec979574d97973e8005b9c98c3,595b6d18e04d72c0a042362f3010a9d9
78e502fdcf0f0df7291f61db2018b0c0,595b6d18e04d72c0a042362f3010a9d9
f1c220ff65e7403b544e43ed9c15e808,595b6d18e04d72c0a042362f3010a9d9
971cfa3f8131f437cf67c2d244f77e93,595b6d18e04d72c0a042362f3010a9d9
3634d439b25774e716ca9ef0c13a202e,595b6d18e04d72c0a042362f3010a9d9
7742b8273212f13f747a32dd6833e568,6b69b9b1dbad8f7b1ad3e3610f556328
afbfb16184e1b14168b76179f992614f,6b69b9b1dbad8f7b1ad3e3610f556328
1278d4ec979574d97973e8005b9c98c3,6b69b9b1dbad8f7b1ad3e3610f556328
78e502fdcf0f0df7291f61db2018b0c0,6b69b9b1dbad8f7b1ad3e3610f556328
f1c220ff65e7403b544e43ed9c15e808,6b69b9b1dbad8f7b1ad3e3610f556328
971cfa3f8131f437cf67c2d244f77e93,6b69b9b1dbad8f7b1ad3e3610f556328
3634d439b25774e716ca9ef0c13a202e,6b69b9b1dbad8f7b1ad3e3610f556328
daeeb34fa583081416b99426ed271d08,d2d86d5252dbb9dfd488edcfff5e4ded
3634d439b25774e716ca9ef0c13a202e,d2d86d5252dbb9dfd488edcfff5e4ded
8a466fde8d2795deda1289bf5401c651,d2d86d5252dbb9dfd488edcfff5e4ded
78e502fdcf0f0df7291f61db2018b0c0,d2d86d5252dbb9dfd488edcfff5e4ded
1278d4ec979574d97973e8005b9c98c3,d2d86d5252dbb9dfd488edcfff5e4ded
f6984495d7c59e1e7ac37eb3e8f9722e,d2d86d5252dbb9dfd488edcfff5e4ded
682c93f5d8e002644e69cc8715f67968,d2d86d5252dbb9dfd488edcfff5e4ded
d5b6ba121a463afb2fd99ae9085ef12a,d2d86d5252dbb9dfd488edcfff5e4ded
daeeb34fa583081416b99426ed271d08,ffb79736cbcb5c5ac8238483f629a9bb
3634d439b25774e716ca9ef0c13a202e,ffb79736cbcb5c5ac8238483f629a9bb
8a466fde8d2795deda1289bf5401c651,ffb79736cbcb5c5ac8238483f629a9bb
78e502fdcf0f0df7291f61db2018b0c0,ffb79736cbcb5c5ac8238483f629a9bb
1278d4ec979574d97973e8005b9c98c3,ffb79736cbcb5c5ac8238483f629a9bb
f6984495d7c59e1e7ac37eb3e8f9722e,ffb79736cbcb5c5ac8238483f629a9bb
682c93f5d8e002644e69cc8715f67968,ffb79736cbcb5c5ac8238483f629a9bb
d5b6ba121a463afb2fd99ae9085ef12a,ffb79736cbcb5c5ac8238483f629a9bb
daeeb34fa583081416b99426ed271d08,a6842c9d7a16308a5a0bf7354110e0fd
3634d439b25774e716ca9ef0c13a202e,a6842c9d7a16308a5a0bf7354110e0fd
8a466fde8d2795deda1289bf5401c651,a6842c9d7a16308a5a0bf7354110e0fd
78e502fdcf0f0df7291f61db2018b0c0,a6842c9d7a16308a5a0bf7354110e0fd
1278d4ec979574d97973e8005b9c98c3,a6842c9d7a16308a5a0bf7354110e0fd
f6984495d7c59e1e7ac37eb3e8f9722e,a6842c9d7a16308a5a0bf7354110e0fd
682c93f5d8e002644e69cc8715f67968,a6842c9d7a16308a5a0bf7354110e0fd
d5b6ba121a463afb2fd99ae9085ef12a,a6842c9d7a16308a5a0bf7354110e0fd
daeeb34fa583081416b99426ed271d08,cd7714585710d75dbb0f9451f2c9869a
3634d439b25774e716ca9ef0c13a202e,cd7714585710d75dbb0f9451f2c9869a
8a466fde8d2795deda1289bf5401c651,cd7714585710d75dbb0f9451f2c9869a
78e502fdcf0f0df7291f61db2018b0c0,cd7714585710d75dbb0f9451f2c9869a
1278d4ec979574d97973e8005b9c98c3,cd7714585710d75dbb0f9451f2c9869a
f6984495d7c59e1e7ac37eb3e8f9722e,cd7714585710d75dbb0f9451f2c9869a
682c93f5d8e002644e69cc8715f67968,cd7714585710d75dbb0f9451f2c9869a
d5b6ba121a463afb2fd99ae9085ef12a,cd7714585710d75dbb0f9451f2c9869a
daeeb34fa583081416b99426ed271d08,3ae39773e13ae59d26b4b45495256a6b
3634d439b25774e716ca9ef0c13a202e,3ae39773e13ae59d26b4b45495256a6b
8a466fde8d2795deda1289bf5401c651,3ae39773e13ae59d26b4b45495256a6b
78e502fdcf0f0df7291f61db2018b0c0,3ae39773e13ae59d26b4b45495256a6b
1278d4ec979574d97973e8005b9c98c3,3ae39773e13ae59d26b4b45495256a6b
f6984495d7c59e1e7ac37eb3e8f9722e,3ae39773e13ae59d26b4b45495256a6b
682c93f5d8e002644e69cc8715f67968,3ae39773e13ae59d26b4b45495256a6b
d5b6ba121a463afb2fd99ae9085ef12a,3ae39773e13ae59d26b4b45495256a6b
daeeb34fa583081416b99426ed271d08,f7cb3c06bb673ae2cee96c804dc2deb8
3634d439b25774e716ca9ef0c13a202e,f7cb3c06bb673ae2cee96c804dc2deb8
8a466fde8d2795deda1289bf5401c651,f7cb3c06bb673ae2cee96c804dc2deb8
78e502fdcf0f0df7291f61db2018b0c0,f7cb3c06bb673ae2cee96c804dc2deb8
1278d4ec979574d97973e8005b9c98c3,f7cb3c06bb673ae2cee96c804dc2deb8
f6984495d7c59e1e7ac37eb3e8f9722e,f7cb3c06bb673ae2cee96c804dc2deb8
682c93f5d8e002644e69cc8715f67968,f7cb3c06bb673ae2cee96c804dc2deb8
d5b6ba121a463afb2fd99ae9085ef12a,f7cb3c06bb673ae2cee96c804dc2deb8
daeeb34fa583081416b99426ed271d08,e14ea7ce672188360e66f82d3984e7b2
3634d439b25774e716ca9ef0c13a202e,e14ea7ce672188360e66f82d3984e7b2
8a466fde8d2795deda1289bf5401c651,e14ea7ce672188360e66f82d3984e7b2
78e502fdcf0f0df7291f61db2018b0c0,e14ea7ce672188360e66f82d3984e7b2
1278d4ec979574d97973e8005b9c98c3,e14ea7ce672188360e66f82d3984e7b2
f6984495d7c59e1e7ac37eb3e8f9722e,e14ea7ce672188360e66f82d3984e7b2
682c93f5d8e002644e69cc8715f67968,e14ea7ce672188360e66f82d3984e7b2
d5b6ba121a463afb2fd99ae9085ef12a,e14ea7ce672188360e66f82d3984e7b2
41f93e4db3b476f39f320a1ba7376282,0ee446afbed42054a17d186007512665
04bc54f9aedfb4f63b53f86040b712c5,0ee446afbed42054a17d186007512665
11ce9e3a983196ef3ee0a096e134c95d,0ee446afbed42054a17d186007512665
41f93e4db3b476f39f320a1ba7376282,bea50524bb0913b420c41682fb379204
04bc54f9aedfb4f63b53f86040b712c5,bea50524bb0913b420c41682fb379204
11ce9e3a983196ef3ee0a096e134c95d,bea50524bb0913b420c41682fb379204
41f93e4db3b476f39f320a1ba7376282,96b426cab3964b903bed41344546ae50
04bc54f9aedfb4f63b53f86040b712c5,96b426cab3964b903bed41344546ae50
11ce9e3a983196ef3ee0a096e134c95d,96b426cab3964b903bed41344546ae50
2256bb268de8f83c0e15d5fe504e924c,ce37a650080489bf90badca1ab4dac1c
1cf55259453338f4f6d3e175ff06ac65,ce37a650080489bf90badca1ab4dac1c
30c531e90b92f65fb63ac94711ea3dcc,ce37a650080489bf90badca1ab4dac1c
2256bb268de8f83c0e15d5fe504e924c,f31fd52c185127b9dbeb020512c95d10
1cf55259453338f4f6d3e175ff06ac65,f31fd52c185127b9dbeb020512c95d10
30c531e90b92f65fb63ac94711ea3dcc,f31fd52c185127b9dbeb020512c95d10
2256bb268de8f83c0e15d5fe504e924c,c9c29e0db9b2ad809ea025d5b811afde
1cf55259453338f4f6d3e175ff06ac65,c9c29e0db9b2ad809ea025d5b811afde
30c531e90b92f65fb63ac94711ea3dcc,c9c29e0db9b2ad809ea025d5b811afde
590cc5b3b9f4be619401442d0b03d9b9,9eebef1a592423bcb15a4c74cc848319
5586925d9f56719254da3fa15de12960,9eebef1a592423bcb15a4c74cc848319
42e3a05710ae82d8215c38bd884d3101,9eebef1a592423bcb15a4c74cc848319
e129da170be11bec9ab0edd22eafa2c5,9eebef1a592423bcb15a4c74cc848319
20df80b626de7c410424f3e8f9bac879,9eebef1a592423bcb15a4c74cc848319
e0ce281c72f97cf79e703b5e08b9f10a,9eebef1a592423bcb15a4c74cc848319
daeeb34fa583081416b99426ed271d08,9eebef1a592423bcb15a4c74cc848319
1b8eeef7973ff60a801f494ffc2e762e,9eebef1a592423bcb15a4c74cc848319
59927af2a94f6fe4c303ffd88d395dc0,9eebef1a592423bcb15a4c74cc848319
590cc5b3b9f4be619401442d0b03d9b9,07420e79ea2374a6745eb586a73c3b17
5586925d9f56719254da3fa15de12960,07420e79ea2374a6745eb586a73c3b17
42e3a05710ae82d8215c38bd884d3101,07420e79ea2374a6745eb586a73c3b17
e129da170be11bec9ab0edd22eafa2c5,07420e79ea2374a6745eb586a73c3b17
20df80b626de7c410424f3e8f9bac879,07420e79ea2374a6745eb586a73c3b17
e0ce281c72f97cf79e703b5e08b9f10a,07420e79ea2374a6745eb586a73c3b17
daeeb34fa583081416b99426ed271d08,07420e79ea2374a6745eb586a73c3b17
1b8eeef7973ff60a801f494ffc2e762e,07420e79ea2374a6745eb586a73c3b17
59927af2a94f6fe4c303ffd88d395dc0,07420e79ea2374a6745eb586a73c3b17
590cc5b3b9f4be619401442d0b03d9b9,263447b215c6018f90e49b2e17ee3c05
5586925d9f56719254da3fa15de12960,263447b215c6018f90e49b2e17ee3c05
42e3a05710ae82d8215c38bd884d3101,263447b215c6018f90e49b2e17ee3c05
e129da170be11bec9ab0edd22eafa2c5,263447b215c6018f90e49b2e17ee3c05
20df80b626de7c410424f3e8f9bac879,263447b215c6018f90e49b2e17ee3c05
e0ce281c72f97cf79e703b5e08b9f10a,263447b215c6018f90e49b2e17ee3c05
daeeb34fa583081416b99426ed271d08,263447b215c6018f90e49b2e17ee3c05
1b8eeef7973ff60a801f494ffc2e762e,263447b215c6018f90e49b2e17ee3c05
59927af2a94f6fe4c303ffd88d395dc0,263447b215c6018f90e49b2e17ee3c05
590cc5b3b9f4be619401442d0b03d9b9,033369da58743769ccbdd5edd093a205
5586925d9f56719254da3fa15de12960,033369da58743769ccbdd5edd093a205
42e3a05710ae82d8215c38bd884d3101,033369da58743769ccbdd5edd093a205
e129da170be11bec9ab0edd22eafa2c5,033369da58743769ccbdd5edd093a205
20df80b626de7c410424f3e8f9bac879,033369da58743769ccbdd5edd093a205
e0ce281c72f97cf79e703b5e08b9f10a,033369da58743769ccbdd5edd093a205
daeeb34fa583081416b99426ed271d08,033369da58743769ccbdd5edd093a205
1b8eeef7973ff60a801f494ffc2e762e,033369da58743769ccbdd5edd093a205
59927af2a94f6fe4c303ffd88d395dc0,033369da58743769ccbdd5edd093a205
590cc5b3b9f4be619401442d0b03d9b9,5eae111bcd400522e6dc77b4c7fa4f71
5586925d9f56719254da3fa15de12960,5eae111bcd400522e6dc77b4c7fa4f71
42e3a05710ae82d8215c38bd884d3101,5eae111bcd400522e6dc77b4c7fa4f71
e129da170be11bec9ab0edd22eafa2c5,5eae111bcd400522e6dc77b4c7fa4f71
20df80b626de7c410424f3e8f9bac879,5eae111bcd400522e6dc77b4c7fa4f71
e0ce281c72f97cf79e703b5e08b9f10a,5eae111bcd400522e6dc77b4c7fa4f71
daeeb34fa583081416b99426ed271d08,5eae111bcd400522e6dc77b4c7fa4f71
1b8eeef7973ff60a801f494ffc2e762e,5eae111bcd400522e6dc77b4c7fa4f71
59927af2a94f6fe4c303ffd88d395dc0,5eae111bcd400522e6dc77b4c7fa4f71
590cc5b3b9f4be619401442d0b03d9b9,dbd802b8503fc735bd133d256ff12f7e
5586925d9f56719254da3fa15de12960,dbd802b8503fc735bd133d256ff12f7e
42e3a05710ae82d8215c38bd884d3101,dbd802b8503fc735bd133d256ff12f7e
e129da170be11bec9ab0edd22eafa2c5,dbd802b8503fc735bd133d256ff12f7e
20df80b626de7c410424f3e8f9bac879,dbd802b8503fc735bd133d256ff12f7e
e0ce281c72f97cf79e703b5e08b9f10a,dbd802b8503fc735bd133d256ff12f7e
daeeb34fa583081416b99426ed271d08,dbd802b8503fc735bd133d256ff12f7e
1b8eeef7973ff60a801f494ffc2e762e,dbd802b8503fc735bd133d256ff12f7e
59927af2a94f6fe4c303ffd88d395dc0,dbd802b8503fc735bd133d256ff12f7e
5bc1ba285ca01627339bed60dbc2d82b,306f5277349daa21119a3060aaf3f43c
e8ddcc0631ab62a66df38205bc707f96,306f5277349daa21119a3060aaf3f43c
268cebb821977eae55f0e89b21007c88,306f5277349daa21119a3060aaf3f43c
57e5692f7c41cd8bf0b64a070d5024e8,306f5277349daa21119a3060aaf3f43c
5bc1ba285ca01627339bed60dbc2d82b,65d5ae34b4b5ddbe05d117b62491997a
e8ddcc0631ab62a66df38205bc707f96,65d5ae34b4b5ddbe05d117b62491997a
268cebb821977eae55f0e89b21007c88,65d5ae34b4b5ddbe05d117b62491997a
57e5692f7c41cd8bf0b64a070d5024e8,65d5ae34b4b5ddbe05d117b62491997a
5bc1ba285ca01627339bed60dbc2d82b,a19a969a60f5fd45ea9240efaf0ada0f
e8ddcc0631ab62a66df38205bc707f96,a19a969a60f5fd45ea9240efaf0ada0f
268cebb821977eae55f0e89b21007c88,a19a969a60f5fd45ea9240efaf0ada0f
57e5692f7c41cd8bf0b64a070d5024e8,a19a969a60f5fd45ea9240efaf0ada0f
5bc1ba285ca01627339bed60dbc2d82b,9d75d0752c72da92be22e54eeee3c8c9
e8ddcc0631ab62a66df38205bc707f96,9d75d0752c72da92be22e54eeee3c8c9
268cebb821977eae55f0e89b21007c88,9d75d0752c72da92be22e54eeee3c8c9
57e5692f7c41cd8bf0b64a070d5024e8,9d75d0752c72da92be22e54eeee3c8c9
ec1f1d202196b12eb9781523bf096cc6,0cf417d355f207a6d71e44b97d5c6803
2407808c1a5d06ae5d452498fe515269,0cf417d355f207a6d71e44b97d5c6803
1aa3e15561e841333d2d2126eadb46df,0cf417d355f207a6d71e44b97d5c6803
024782f9db95788a941bcbdec6e4faaf,0cf417d355f207a6d71e44b97d5c6803
a7e9ebe937dd578674edd7187fefc5e1,0cf417d355f207a6d71e44b97d5c6803
a5cd4cb4a419400069456b2b6fc9f4ea,0cf417d355f207a6d71e44b97d5c6803
5443e6c05397911dd9efb8209423fc6d,0cf417d355f207a6d71e44b97d5c6803
5fa6163b4b77cb90d0c4c25e87a3c7ad,0cf417d355f207a6d71e44b97d5c6803
573b59cc4b660926962e86198cf01d25,0cf417d355f207a6d71e44b97d5c6803
0526dc6c8e07774778e70890dd6ebe3d,0cf417d355f207a6d71e44b97d5c6803
bedb48e4c8124245643d6ae9004b1850,0cf417d355f207a6d71e44b97d5c6803
ec1f1d202196b12eb9781523bf096cc6,ad45cdaa1e2e3c9f8f196931838abcd6
2407808c1a5d06ae5d452498fe515269,ad45cdaa1e2e3c9f8f196931838abcd6
1aa3e15561e841333d2d2126eadb46df,ad45cdaa1e2e3c9f8f196931838abcd6
024782f9db95788a941bcbdec6e4faaf,ad45cdaa1e2e3c9f8f196931838abcd6
a7e9ebe937dd578674edd7187fefc5e1,ad45cdaa1e2e3c9f8f196931838abcd6
a5cd4cb4a419400069456b2b6fc9f4ea,ad45cdaa1e2e3c9f8f196931838abcd6
5443e6c05397911dd9efb8209423fc6d,ad45cdaa1e2e3c9f8f196931838abcd6
5fa6163b4b77cb90d0c4c25e87a3c7ad,ad45cdaa1e2e3c9f8f196931838abcd6
573b59cc4b660926962e86198cf01d25,ad45cdaa1e2e3c9f8f196931838abcd6
0526dc6c8e07774778e70890dd6ebe3d,ad45cdaa1e2e3c9f8f196931838abcd6
bedb48e4c8124245643d6ae9004b1850,ad45cdaa1e2e3c9f8f196931838abcd6
ec1f1d202196b12eb9781523bf096cc6,30f153b4b8d83d411e699a98f2788f17
2407808c1a5d06ae5d452498fe515269,30f153b4b8d83d411e699a98f2788f17
1aa3e15561e841333d2d2126eadb46df,30f153b4b8d83d411e699a98f2788f17
024782f9db95788a941bcbdec6e4faaf,30f153b4b8d83d411e699a98f2788f17
a7e9ebe937dd578674edd7187fefc5e1,30f153b4b8d83d411e699a98f2788f17
a5cd4cb4a419400069456b2b6fc9f4ea,30f153b4b8d83d411e699a98f2788f17
5443e6c05397911dd9efb8209423fc6d,30f153b4b8d83d411e699a98f2788f17
5fa6163b4b77cb90d0c4c25e87a3c7ad,30f153b4b8d83d411e699a98f2788f17
573b59cc4b660926962e86198cf01d25,30f153b4b8d83d411e699a98f2788f17
0526dc6c8e07774778e70890dd6ebe3d,30f153b4b8d83d411e699a98f2788f17
bedb48e4c8124245643d6ae9004b1850,30f153b4b8d83d411e699a98f2788f17
ec1f1d202196b12eb9781523bf096cc6,795e41fcf26e576532cfdf0e6177091f
2407808c1a5d06ae5d452498fe515269,795e41fcf26e576532cfdf0e6177091f
1aa3e15561e841333d2d2126eadb46df,795e41fcf26e576532cfdf0e6177091f
024782f9db95788a941bcbdec6e4faaf,795e41fcf26e576532cfdf0e6177091f
a7e9ebe937dd578674edd7187fefc5e1,795e41fcf26e576532cfdf0e6177091f
a5cd4cb4a419400069456b2b6fc9f4ea,795e41fcf26e576532cfdf0e6177091f
5443e6c05397911dd9efb8209423fc6d,795e41fcf26e576532cfdf0e6177091f
5fa6163b4b77cb90d0c4c25e87a3c7ad,795e41fcf26e576532cfdf0e6177091f
573b59cc4b660926962e86198cf01d25,795e41fcf26e576532cfdf0e6177091f
0526dc6c8e07774778e70890dd6ebe3d,795e41fcf26e576532cfdf0e6177091f
bedb48e4c8124245643d6ae9004b1850,795e41fcf26e576532cfdf0e6177091f
ec1f1d202196b12eb9781523bf096cc6,09e999f02c4972f6563410ca8302070f
2407808c1a5d06ae5d452498fe515269,09e999f02c4972f6563410ca8302070f
1aa3e15561e841333d2d2126eadb46df,09e999f02c4972f6563410ca8302070f
024782f9db95788a941bcbdec6e4faaf,09e999f02c4972f6563410ca8302070f
a7e9ebe937dd578674edd7187fefc5e1,09e999f02c4972f6563410ca8302070f
a5cd4cb4a419400069456b2b6fc9f4ea,09e999f02c4972f6563410ca8302070f
5443e6c05397911dd9efb8209423fc6d,09e999f02c4972f6563410ca8302070f
5fa6163b4b77cb90d0c4c25e87a3c7ad,09e999f02c4972f6563410ca8302070f
573b59cc4b660926962e86198cf01d25,09e999f02c4972f6563410ca8302070f
0526dc6c8e07774778e70890dd6ebe3d,09e999f02c4972f6563410ca8302070f
bedb48e4c8124245643d6ae9004b1850,09e999f02c4972f6563410ca8302070f
ec1f1d202196b12eb9781523bf096cc6,70d38b001ef59efcb9538ebfd3e39028
2407808c1a5d06ae5d452498fe515269,70d38b001ef59efcb9538ebfd3e39028
1aa3e15561e841333d2d2126eadb46df,70d38b001ef59efcb9538ebfd3e39028
024782f9db95788a941bcbdec6e4faaf,70d38b001ef59efcb9538ebfd3e39028
a7e9ebe937dd578674edd7187fefc5e1,70d38b001ef59efcb9538ebfd3e39028
a5cd4cb4a419400069456b2b6fc9f4ea,70d38b001ef59efcb9538ebfd3e39028
5443e6c05397911dd9efb8209423fc6d,70d38b001ef59efcb9538ebfd3e39028
5fa6163b4b77cb90d0c4c25e87a3c7ad,70d38b001ef59efcb9538ebfd3e39028
573b59cc4b660926962e86198cf01d25,70d38b001ef59efcb9538ebfd3e39028
0526dc6c8e07774778e70890dd6ebe3d,70d38b001ef59efcb9538ebfd3e39028
bedb48e4c8124245643d6ae9004b1850,70d38b001ef59efcb9538ebfd3e39028
c9d3df67bf4f86a64290a179b75c9884,4578b92358a454c2db979fe065f06365
40f16077805c410a9169ff65fd8186da,4578b92358a454c2db979fe065f06365
590cc5b3b9f4be619401442d0b03d9b9,4578b92358a454c2db979fe065f06365
52cecb27b14d7b47dfb0d80465a4afbe,4578b92358a454c2db979fe065f06365
4973afdb1f5249f60d4061678d46cf7e,4578b92358a454c2db979fe065f06365
b0823561f46f6c2121eb995ceb81dea4,4578b92358a454c2db979fe065f06365
4bf080a488309a4c51137905a079511f,4578b92358a454c2db979fe065f06365
bd3bf8d5cfae678d110cc2148362e3e3,4578b92358a454c2db979fe065f06365
12ecb0abcde535668d165a26639d6ba9,4578b92358a454c2db979fe065f06365
c9d3df67bf4f86a64290a179b75c9884,8fc60f0c4b91a3f99e90b636a1e5e998
40f16077805c410a9169ff65fd8186da,8fc60f0c4b91a3f99e90b636a1e5e998
590cc5b3b9f4be619401442d0b03d9b9,8fc60f0c4b91a3f99e90b636a1e5e998
52cecb27b14d7b47dfb0d80465a4afbe,8fc60f0c4b91a3f99e90b636a1e5e998
4973afdb1f5249f60d4061678d46cf7e,8fc60f0c4b91a3f99e90b636a1e5e998
b0823561f46f6c2121eb995ceb81dea4,8fc60f0c4b91a3f99e90b636a1e5e998
4bf080a488309a4c51137905a079511f,8fc60f0c4b91a3f99e90b636a1e5e998
bd3bf8d5cfae678d110cc2148362e3e3,8fc60f0c4b91a3f99e90b636a1e5e998
12ecb0abcde535668d165a26639d6ba9,8fc60f0c4b91a3f99e90b636a1e5e998
c9d3df67bf4f86a64290a179b75c9884,68b5c0d48ddde574523ccdff4d5f8ef1
40f16077805c410a9169ff65fd8186da,68b5c0d48ddde574523ccdff4d5f8ef1
590cc5b3b9f4be619401442d0b03d9b9,68b5c0d48ddde574523ccdff4d5f8ef1
52cecb27b14d7b47dfb0d80465a4afbe,68b5c0d48ddde574523ccdff4d5f8ef1
4973afdb1f5249f60d4061678d46cf7e,68b5c0d48ddde574523ccdff4d5f8ef1
b0823561f46f6c2121eb995ceb81dea4,68b5c0d48ddde574523ccdff4d5f8ef1
4bf080a488309a4c51137905a079511f,68b5c0d48ddde574523ccdff4d5f8ef1
bd3bf8d5cfae678d110cc2148362e3e3,68b5c0d48ddde574523ccdff4d5f8ef1
12ecb0abcde535668d165a26639d6ba9,68b5c0d48ddde574523ccdff4d5f8ef1
c9d3df67bf4f86a64290a179b75c9884,2f62a9da231ebe49dd5fe26f007c3f12
40f16077805c410a9169ff65fd8186da,2f62a9da231ebe49dd5fe26f007c3f12
590cc5b3b9f4be619401442d0b03d9b9,2f62a9da231ebe49dd5fe26f007c3f12
52cecb27b14d7b47dfb0d80465a4afbe,2f62a9da231ebe49dd5fe26f007c3f12
4973afdb1f5249f60d4061678d46cf7e,2f62a9da231ebe49dd5fe26f007c3f12
b0823561f46f6c2121eb995ceb81dea4,2f62a9da231ebe49dd5fe26f007c3f12
4bf080a488309a4c51137905a079511f,2f62a9da231ebe49dd5fe26f007c3f12
bd3bf8d5cfae678d110cc2148362e3e3,2f62a9da231ebe49dd5fe26f007c3f12
12ecb0abcde535668d165a26639d6ba9,2f62a9da231ebe49dd5fe26f007c3f12
c9d3df67bf4f86a64290a179b75c9884,d6cf13bd7af443115caaef1d703255e2
40f16077805c410a9169ff65fd8186da,d6cf13bd7af443115caaef1d703255e2
590cc5b3b9f4be619401442d0b03d9b9,d6cf13bd7af443115caaef1d703255e2
52cecb27b14d7b47dfb0d80465a4afbe,d6cf13bd7af443115caaef1d703255e2
4973afdb1f5249f60d4061678d46cf7e,d6cf13bd7af443115caaef1d703255e2
b0823561f46f6c2121eb995ceb81dea4,d6cf13bd7af443115caaef1d703255e2
4bf080a488309a4c51137905a079511f,d6cf13bd7af443115caaef1d703255e2
bd3bf8d5cfae678d110cc2148362e3e3,d6cf13bd7af443115caaef1d703255e2
12ecb0abcde535668d165a26639d6ba9,d6cf13bd7af443115caaef1d703255e2
c9d3df67bf4f86a64290a179b75c9884,ef59f1558e37f729ac2c505cc19c258d
40f16077805c410a9169ff65fd8186da,ef59f1558e37f729ac2c505cc19c258d
590cc5b3b9f4be619401442d0b03d9b9,ef59f1558e37f729ac2c505cc19c258d
52cecb27b14d7b47dfb0d80465a4afbe,ef59f1558e37f729ac2c505cc19c258d
4973afdb1f5249f60d4061678d46cf7e,ef59f1558e37f729ac2c505cc19c258d
b0823561f46f6c2121eb995ceb81dea4,ef59f1558e37f729ac2c505cc19c258d
4bf080a488309a4c51137905a079511f,ef59f1558e37f729ac2c505cc19c258d
bd3bf8d5cfae678d110cc2148362e3e3,ef59f1558e37f729ac2c505cc19c258d
12ecb0abcde535668d165a26639d6ba9,ef59f1558e37f729ac2c505cc19c258d
bc23fe9d1bde95e835869ab11cb61f70,14a6a6ed04b74f1370ff1a3c743ee107
e44203320f619d9821b70b20fc80c7fd,14a6a6ed04b74f1370ff1a3c743ee107
7852cd8336a6b179912b94e2c09e657c,14a6a6ed04b74f1370ff1a3c743ee107
42e3a05710ae82d8215c38bd884d3101,14a6a6ed04b74f1370ff1a3c743ee107
2f144a78e5db8485d5ab3ced2aabf793,14a6a6ed04b74f1370ff1a3c743ee107
bc23fe9d1bde95e835869ab11cb61f70,10575882c4084e7a925c3a475822b983
e44203320f619d9821b70b20fc80c7fd,10575882c4084e7a925c3a475822b983
7852cd8336a6b179912b94e2c09e657c,10575882c4084e7a925c3a475822b983
42e3a05710ae82d8215c38bd884d3101,10575882c4084e7a925c3a475822b983
2f144a78e5db8485d5ab3ced2aabf793,10575882c4084e7a925c3a475822b983
bc23fe9d1bde95e835869ab11cb61f70,ec3157ba37c0704b8b8adfc01d515f56
e44203320f619d9821b70b20fc80c7fd,ec3157ba37c0704b8b8adfc01d515f56
7852cd8336a6b179912b94e2c09e657c,ec3157ba37c0704b8b8adfc01d515f56
42e3a05710ae82d8215c38bd884d3101,ec3157ba37c0704b8b8adfc01d515f56
2f144a78e5db8485d5ab3ced2aabf793,ec3157ba37c0704b8b8adfc01d515f56
bc23fe9d1bde95e835869ab11cb61f70,995fb575f3d021a7f564fe6a9a80a740
e44203320f619d9821b70b20fc80c7fd,995fb575f3d021a7f564fe6a9a80a740
7852cd8336a6b179912b94e2c09e657c,995fb575f3d021a7f564fe6a9a80a740
42e3a05710ae82d8215c38bd884d3101,995fb575f3d021a7f564fe6a9a80a740
2f144a78e5db8485d5ab3ced2aabf793,995fb575f3d021a7f564fe6a9a80a740
bc23fe9d1bde95e835869ab11cb61f70,d0f0dceffdfd28e005981ef0a1d88e8f
e44203320f619d9821b70b20fc80c7fd,d0f0dceffdfd28e005981ef0a1d88e8f
7852cd8336a6b179912b94e2c09e657c,d0f0dceffdfd28e005981ef0a1d88e8f
42e3a05710ae82d8215c38bd884d3101,d0f0dceffdfd28e005981ef0a1d88e8f
2f144a78e5db8485d5ab3ced2aabf793,d0f0dceffdfd28e005981ef0a1d88e8f
b0823561f46f6c2121eb995ceb81dea4,52d5d3fedba47f4edcbdfd4996619284
103cf2255c43e5379d166cfeb08886dd,52d5d3fedba47f4edcbdfd4996619284
90b0b4d80b0a67050bd5f871f61f93ee,52d5d3fedba47f4edcbdfd4996619284
c6a4b8494aacab5f9f7d0362be72d55a,52d5d3fedba47f4edcbdfd4996619284
b0823561f46f6c2121eb995ceb81dea4,aeed8b78cfde3a44000ac49f98b7d61f
103cf2255c43e5379d166cfeb08886dd,aeed8b78cfde3a44000ac49f98b7d61f
90b0b4d80b0a67050bd5f871f61f93ee,aeed8b78cfde3a44000ac49f98b7d61f
c6a4b8494aacab5f9f7d0362be72d55a,aeed8b78cfde3a44000ac49f98b7d61f
b0823561f46f6c2121eb995ceb81dea4,f9840b1185a04e7861dd1692ebb68d48
103cf2255c43e5379d166cfeb08886dd,f9840b1185a04e7861dd1692ebb68d48
90b0b4d80b0a67050bd5f871f61f93ee,f9840b1185a04e7861dd1692ebb68d48
c6a4b8494aacab5f9f7d0362be72d55a,f9840b1185a04e7861dd1692ebb68d48
f188c7e690bf9b885c4e978e58942923,7cbbb88d1029959761f3071400af6d1e
2b128b0f3989589f10fcc3d5c01c6415,7cbbb88d1029959761f3071400af6d1e
2061c8ce5e616949ce5c0c2efe76586f,7cbbb88d1029959761f3071400af6d1e
b627329ed3c55f076c95ea7d1968ae84,7cbbb88d1029959761f3071400af6d1e
f188c7e690bf9b885c4e978e58942923,40ecf80592a785e568bfbe2f207678d1
2b128b0f3989589f10fcc3d5c01c6415,40ecf80592a785e568bfbe2f207678d1
2061c8ce5e616949ce5c0c2efe76586f,40ecf80592a785e568bfbe2f207678d1
b627329ed3c55f076c95ea7d1968ae84,40ecf80592a785e568bfbe2f207678d1
f188c7e690bf9b885c4e978e58942923,79f030e0860dfaf61c39d117ff9b73e4
2b128b0f3989589f10fcc3d5c01c6415,79f030e0860dfaf61c39d117ff9b73e4
2061c8ce5e616949ce5c0c2efe76586f,79f030e0860dfaf61c39d117ff9b73e4
b627329ed3c55f076c95ea7d1968ae84,79f030e0860dfaf61c39d117ff9b73e4
